"Theme","Extraction Week","Replies","Views","New Replies","New Views","nPosts"
"Adolescent nutrition",2020-12-27,19,23301,0,0,91
"Adolescent nutrition",2021-01-03,19,23587,0,286,91
"Adolescent nutrition",2021-01-10,19,23909,0,322,91
"Adolescent nutrition",2021-01-17,19,24139,0,230,91
"Adolescent nutrition",2021-01-24,19,24388,0,249,91
"Adolescent nutrition",2021-01-31,19,24611,0,223,91
"Adolescent nutrition",2021-02-07,19,24953,0,342,91
"Adolescent nutrition",2021-02-14,19,25285,0,332,91
"Adolescent nutrition",2021-02-21,19,25526,0,241,91
"Adolescent nutrition",2021-02-28,19,25949,0,423,97
"Adolescent nutrition",2021-03-07,19,26168,0,219,98
"Adolescent nutrition",2021-03-14,19,26512,0,344,98
"Adolescent nutrition",2021-03-21,19,26835,0,323,98
"Adolescent nutrition",2021-03-28,29,30964,10,4129,126
"Adolescent nutrition",2021-04-04,29,31723,0,759,196
"Adolescent nutrition",2021-04-11,29,32421,0,698,196
"Adolescent nutrition",2021-04-18,37,33374,8,953,196
"Adolescent nutrition",2021-04-25,37,34121,0,747,168
"Adolescent nutrition",2021-05-02,37,34807,0,686,196
"Adolescent nutrition",2021-05-09,37,35329,0,522,196
"Adolescent nutrition",2021-05-16,37,35974,0,645,196
"Adolescent nutrition",2021-05-23,37,36550,0,576,196
"Adolescent nutrition",2021-05-30,37,37035,0,485,168
"Adolescent nutrition",2021-06-06,37,37557,0,522,196
"Adolescent nutrition",2021-06-13,37,38123,0,566,196
"Adolescent nutrition",2021-06-20,37,38566,0,443,196
"Adolescent nutrition",2021-06-27,37,39087,0,521,196
"Adolescent nutrition",2021-07-04,37,39661,0,574,196
"Adolescent nutrition",2021-07-11,37,40139,0,478,196
"Adolescent nutrition",2021-07-18,37,40500,0,361,196
"Adolescent nutrition",2021-07-25,37,40927,0,427,196
"Adolescent nutrition",2021-08-01,37,41884,0,957,145
"Adolescent nutrition",2021-09-26,38,44777,1,2893,120
"Adolescent nutrition",2021-10-03,38,45397,0,620,210
"Adolescent nutrition",2021-10-10,38,46059,0,662,210
"Adolescent nutrition",2021-10-17,38,46105,0,46,30
"Adolescent nutrition",2021-12-26,31,46043,-7,-62,25
"Adolescent nutrition",2022-01-02,35,49040,4,2997,175
"Adolescent nutrition",2022-01-09,35,53276,0,4236,175
"Adolescent nutrition",2022-01-16,35,57718,0,4442,175
"Adolescent nutrition",2022-01-23,35,61915,0,4197,175
"Adolescent nutrition",2022-01-30,50,74956,15,13041,205
"Adolescent nutrition",2022-02-06,49,80293,-1,5337,217
"Adolescent nutrition",2022-02-13,49,85695,0,5402,217
"Adolescent nutrition",2022-02-20,49,91107,0,5412,217
"Adolescent nutrition",2022-02-27,50,96451,1,5344,217
"Adolescent nutrition",2022-03-06,50,101666,0,5215,217
"Adolescent nutrition",2022-03-13,50,106731,0,5065,217
"Adolescent nutrition",2022-03-20,50,111984,0,5253,217
"Adolescent nutrition",2022-03-27,50,117173,0,5189,217
"Adolescent nutrition",2022-04-03,50,122445,0,5272,217
"Adolescent nutrition",2022-04-10,50,127688,0,5243,217
"Adolescent nutrition",2022-04-17,50,131476,0,3788,186
"Adolescent nutrition",2022-04-24,50,136263,0,4787,186
"Adolescent nutrition",2022-05-01,50,136817,0,554,217
"Adolescent nutrition",2022-05-08,50,137213,0,396,217
"Adolescent nutrition",2022-05-15,50,137653,0,440,217
"Adolescent nutrition",2022-05-22,50,138008,0,355,217
"Adolescent nutrition",2022-05-29,50,138483,0,475,217
"Adolescent nutrition",2022-06-05,50,138956,0,473,217
"Adolescent nutrition",2022-06-12,50,139489,0,533,217
"Adolescent nutrition",2022-06-19,50,139936,0,447,217
"Adolescent nutrition",2022-06-26,50,140536,0,600,215
"Adolescent nutrition",2022-07-03,47,131430,-3,-9106,180
"Adolescent nutrition",2022-07-10,47,131946,0,516,120
"Adolescent nutrition",2022-07-17,47,132272,0,326,210
"Adolescent nutrition",2022-07-24,47,132873,0,601,210
"Adolescent nutrition",2022-07-31,50,142874,3,10001,222
"Adolescent nutrition",2022-08-07,50,143037,0,163,128
"Announcements & Nutritionists needed",2020-12-27,0,4726879,0,0,8677
"Announcements & Nutritionists needed",2021-01-03,0,4753868,0,26989,8652
"Announcements & Nutritionists needed",2021-01-10,0,4780824,0,26956,8652
"Announcements & Nutritionists needed",2021-01-17,0,4803863,0,23039,8652
"Announcements & Nutritionists needed",2021-01-24,0,4824166,0,20303,8652
"Announcements & Nutritionists needed",2021-01-31,0,4850145,0,25979,8712
"Announcements & Nutritionists needed",2021-02-07,0,4878165,0,28020,8722
"Announcements & Nutritionists needed",2021-02-14,0,4911305,0,33140,8722
"Announcements & Nutritionists needed",2021-02-21,0,4933499,0,22194,8722
"Announcements & Nutritionists needed",2021-02-28,0,4961871,0,28372,8776
"Announcements & Nutritionists needed",2021-03-07,0,4977838,0,15967,8785
"Announcements & Nutritionists needed",2021-03-14,0,5002266,0,24428,8785
"Announcements & Nutritionists needed",2021-03-21,0,5026903,0,24637,8785
"Announcements & Nutritionists needed",2021-03-28,0,5055450,0,28547,7566
"Announcements & Nutritionists needed",2021-04-04,0,5072748,0,17298,8869
"Announcements & Nutritionists needed",2021-04-11,0,5108310,0,35562,8869
"Announcements & Nutritionists needed",2021-04-18,0,5132082,0,23772,8869
"Announcements & Nutritionists needed",2021-04-25,0,5164506,0,32424,7612
"Announcements & Nutritionists needed",2021-05-02,0,5188621,0,24115,8939
"Announcements & Nutritionists needed",2021-05-09,0,5210450,0,21829,8939
"Announcements & Nutritionists needed",2021-05-16,0,5245069,0,34619,8939
"Announcements & Nutritionists needed",2021-05-23,0,5273297,0,28228,8939
"Announcements & Nutritionists needed",2021-05-30,0,5297809,0,24512,7686
"Announcements & Nutritionists needed",2021-06-06,0,5313009,0,15200,8981
"Announcements & Nutritionists needed",2021-06-13,0,5338641,0,25632,8981
"Announcements & Nutritionists needed",2021-06-20,0,5360608,0,21967,8981
"Announcements & Nutritionists needed",2021-06-27,0,5395694,0,35086,9029
"Announcements & Nutritionists needed",2021-07-04,0,5427353,0,31659,9093
"Announcements & Nutritionists needed",2021-07-11,0,5450041,0,22688,9093
"Announcements & Nutritionists needed",2021-07-18,0,5471896,0,21855,9093
"Announcements & Nutritionists needed",2021-07-25,0,5494151,0,22255,9093
"Announcements & Nutritionists needed",2021-08-01,0,5519708,0,25557,6535
"Announcements & Nutritionists needed",2021-09-26,0,5644677,0,124969,5300
"Announcements & Nutritionists needed",2021-10-03,0,5675134,0,30457,9275
"Announcements & Nutritionists needed",2021-10-10,0,5698485,0,23351,9275
"Announcements & Nutritionists needed",2021-10-17,0,5700938,0,2453,1325
"Announcements & Nutritionists needed",2021-12-26,0,5894887,0,193949,1339
"Announcements & Nutritionists needed",2022-01-02,0,6059681,0,164794,9373
"Announcements & Nutritionists needed",2022-01-09,0,6293503,0,233822,9373
"Announcements & Nutritionists needed",2022-01-16,0,6521821,0,228318,9373
"Announcements & Nutritionists needed",2022-01-23,0,6751162,0,229341,9373
"Announcements & Nutritionists needed",2022-01-30,0,6977382,0,226220,9278
"Announcements & Nutritionists needed",2022-02-06,0,7112491,0,135109,9240
"Announcements & Nutritionists needed",2022-02-13,0,7347367,0,234876,9240
"Announcements & Nutritionists needed",2022-02-20,0,7582395,0,235028,9240
"Announcements & Nutritionists needed",2022-02-27,0,7943027,0,360632,9350
"Announcements & Nutritionists needed",2022-03-06,0,8084755,0,141728,9394
"Announcements & Nutritionists needed",2022-03-13,0,8311233,0,226478,9394
"Announcements & Nutritionists needed",2022-03-20,0,8545265,0,234032,9394
"Announcements & Nutritionists needed",2022-03-27,0,8890208,0,344943,9446
"Announcements & Nutritionists needed",2022-04-03,0,9131950,0,241742,9576
"Announcements & Nutritionists needed",2022-04-10,0,9365150,0,233200,9576
"Announcements & Nutritionists needed",2022-04-17,0,9545633,0,180483,8208
"Announcements & Nutritionists needed",2022-04-24,0,9778033,0,232400,8208
"Announcements & Nutritionists needed",2022-05-01,0,9812833,0,34800,9639
"Announcements & Nutritionists needed",2022-05-08,0,9833274,0,20441,9639
"Announcements & Nutritionists needed",2022-05-15,0,9854994,0,21720,9639
"Announcements & Nutritionists needed",2022-05-22,0,9872073,0,17079,9639
"Announcements & Nutritionists needed",2022-05-29,0,9895486,0,23413,9499
"Announcements & Nutritionists needed",2022-06-05,0,9655721,0,-239765,9394
"Announcements & Nutritionists needed",2022-06-12,0,9680755,0,25034,9394
"Announcements & Nutritionists needed",2022-06-19,0,9698977,0,18222,9394
"Announcements & Nutritionists needed",2022-06-26,0,9978597,0,279620,9236
"Announcements & Nutritionists needed",2022-07-03,0,9055519,0,-923078,7578
"Announcements & Nutritionists needed",2022-07-10,0,9078958,0,23439,5052
"Announcements & Nutritionists needed",2022-07-17,0,9098617,0,19659,8841
"Announcements & Nutritionists needed",2022-07-24,0,9124623,0,26006,8841
"Announcements & Nutritionists needed",2022-07-31,0,10107471,0,982848,9711
"Announcements & Nutritionists needed",2022-08-07,0,10113837,0,6366,5632
"Assessment and Surveillance",2020-12-27,2107,2409026,0,0,3190
"Assessment and Surveillance",2021-01-03,2096,2408734,-11,-292,3185
"Assessment and Surveillance",2021-01-10,2096,2421252,0,12518,3185
"Assessment and Surveillance",2021-01-17,2100,2433349,4,12097,3185
"Assessment and Surveillance",2021-01-24,2100,2442650,0,9301,3185
"Assessment and Surveillance",2021-01-31,2110,2453553,10,10903,3197
"Assessment and Surveillance",2021-02-07,2110,2465130,0,11577,3199
"Assessment and Surveillance",2021-02-14,2111,2478022,1,12892,3199
"Assessment and Surveillance",2021-02-21,2111,2489180,0,11158,3199
"Assessment and Surveillance",2021-02-28,2114,2500331,3,11151,3193
"Assessment and Surveillance",2021-03-07,2104,2499518,-10,-813,3192
"Assessment and Surveillance",2021-03-14,2104,2511030,0,11512,3192
"Assessment and Surveillance",2021-03-21,2104,2522672,0,11642,3192
"Assessment and Surveillance",2021-03-28,2115,2544870,11,22198,2745
"Assessment and Surveillance",2021-04-04,2110,2552654,-5,7784,3213
"Assessment and Surveillance",2021-04-11,2111,2568573,1,15919,3213
"Assessment and Surveillance",2021-04-18,2111,2579888,0,11315,3213
"Assessment and Surveillance",2021-04-25,2120,2596986,9,17098,2756
"Assessment and Surveillance",2021-05-02,2120,2609055,0,12069,3227
"Assessment and Surveillance",2021-05-09,2120,2619610,0,10555,3227
"Assessment and Surveillance",2021-05-16,2120,2634374,0,14764,3227
"Assessment and Surveillance",2021-05-23,2120,2646291,0,11917,3227
"Assessment and Surveillance",2021-05-30,2126,2657596,6,11305,2754
"Assessment and Surveillance",2021-06-06,2118,2655494,-8,-2102,3206
"Assessment and Surveillance",2021-06-13,2118,2667489,0,11995,3206
"Assessment and Surveillance",2021-06-20,2118,2677051,0,9562,3206
"Assessment and Surveillance",2021-06-27,2119,2690010,1,12959,3182
"Assessment and Surveillance",2021-07-04,2074,2674808,-45,-15202,3150
"Assessment and Surveillance",2021-07-11,2074,2687286,0,12478,3150
"Assessment and Surveillance",2021-07-18,2074,2697396,0,10110,3150
"Assessment and Surveillance",2021-07-25,2074,2707903,0,10507,3150
"Assessment and Surveillance",2021-08-01,2134,2759453,60,51550,2330
"Assessment and Surveillance",2021-09-26,2467,3565368,333,805915,2252
"Assessment and Surveillance",2021-10-03,2469,3580121,2,14753,3941
"Assessment and Surveillance",2021-10-10,2469,3593773,0,13652,3941
"Assessment and Surveillance",2021-10-17,2469,3594678,0,905,563
"Assessment and Surveillance",2021-12-26,2494,3705045,25,110367,568
"Assessment and Surveillance",2022-01-02,2494,3776916,0,71871,3976
"Assessment and Surveillance",2022-01-09,2496,3878171,2,101255,3976
"Assessment and Surveillance",2022-01-16,2496,3980066,0,101895,3976
"Assessment and Surveillance",2022-01-23,2496,4080995,0,100929,3976
"Assessment and Surveillance",2022-01-30,2510,4207991,14,126996,3966
"Assessment and Surveillance",2022-02-06,2482,4264383,-28,56392,3962
"Assessment and Surveillance",2022-02-13,2482,4369887,0,105504,3962
"Assessment and Surveillance",2022-02-20,2482,4472693,0,102806,3962
"Assessment and Surveillance",2022-02-27,2524,4628745,42,156052,3962
"Assessment and Surveillance",2022-03-06,2501,4649337,-23,20592,3962
"Assessment and Surveillance",2022-03-13,2501,4746400,0,97063,3962
"Assessment and Surveillance",2022-03-20,2501,4845822,0,99422,3962
"Assessment and Surveillance",2022-03-27,2535,5040358,34,194536,3990
"Assessment and Surveillance",2022-04-03,2529,5131523,-6,91165,4060
"Assessment and Surveillance",2022-04-10,2529,5232991,0,101468,4060
"Assessment and Surveillance",2022-04-17,2529,5309272,0,76281,3480
"Assessment and Surveillance",2022-04-24,2529,5405156,0,95884,3480
"Assessment and Surveillance",2022-05-01,2505,5346671,-24,-58485,4025
"Assessment and Surveillance",2022-05-08,2506,5357508,1,10837,4025
"Assessment and Surveillance",2022-05-15,2508,5369596,2,12088,4025
"Assessment and Surveillance",2022-05-22,2510,5379366,2,9770,4025
"Assessment and Surveillance",2022-05-29,2550,5481394,40,102028,4041
"Assessment and Surveillance",2022-06-05,2526,5439084,-24,-42310,4053
"Assessment and Surveillance",2022-06-12,2530,5451992,4,12908,4053
"Assessment and Surveillance",2022-06-19,2530,5462934,0,10942,4053
"Assessment and Surveillance",2022-06-26,2554,5531444,24,68510,4061
"Assessment and Surveillance",2022-07-03,2530,5481791,-24,-49653,3498
"Assessment and Surveillance",2022-07-10,2530,5532832,0,51041,2332
"Assessment and Surveillance",2022-07-17,2530,5543604,0,10772,4081
"Assessment and Surveillance",2022-07-24,2533,5557360,3,13756,4081
"Assessment and Surveillance",2022-07-31,2558,5637823,25,80463,4057
"Assessment and Surveillance",2022-08-07,2489,5550152,-69,-87671,2316
"Coverage assessment",2020-12-27,334,537232,0,0,651
"Coverage assessment",2021-01-03,328,540465,-6,3233,651
"Coverage assessment",2021-01-10,328,557016,0,16551,651
"Coverage assessment",2021-01-17,328,601418,0,44402,651
"Coverage assessment",2021-01-24,328,606321,0,4903,651
"Coverage assessment",2021-01-31,330,620673,2,14352,639
"Coverage assessment",2021-02-07,321,606617,-9,-14056,637
"Coverage assessment",2021-02-14,321,612194,0,5577,637
"Coverage assessment",2021-02-21,321,617261,0,5067,637
"Coverage assessment",2021-02-28,330,643742,9,26481,655
"Coverage assessment",2021-03-07,330,649981,0,6239,658
"Coverage assessment",2021-03-14,330,655384,0,5403,658
"Coverage assessment",2021-03-21,330,660546,0,5162,658
"Coverage assessment",2021-03-28,332,666335,2,5789,567
"Coverage assessment",2021-04-04,332,671566,0,5231,665
"Coverage assessment",2021-04-11,332,677512,0,5946,665
"Coverage assessment",2021-04-18,332,682440,0,4928,665
"Coverage assessment",2021-04-25,332,689291,0,6851,570
"Coverage assessment",2021-05-02,332,702000,0,12709,665
"Coverage assessment",2021-05-09,332,710652,0,8652,665
"Coverage assessment",2021-05-16,332,713166,0,2514,665
"Coverage assessment",2021-05-23,332,715364,0,2198,665
"Coverage assessment",2021-05-30,332,717225,0,1861,570
"Coverage assessment",2021-06-06,332,719004,0,1779,665
"Coverage assessment",2021-06-13,332,721234,0,2230,665
"Coverage assessment",2021-06-20,332,722889,0,1655,665
"Coverage assessment",2021-06-27,332,725025,0,2136,659
"Coverage assessment",2021-07-04,321,714480,-11,-10545,651
"Coverage assessment",2021-07-11,321,716447,0,1967,651
"Coverage assessment",2021-07-18,321,718188,0,1741,651
"Coverage assessment",2021-07-25,321,719906,0,1718,651
"Coverage assessment",2021-08-01,332,734604,11,14698,475
"COVID-19 and nutrition programming",2020-12-27,131,67544,0,0,588
"COVID-19 and nutrition programming",2021-01-03,131,69646,0,2102,588
"COVID-19 and nutrition programming",2021-01-10,131,71967,0,2321,588
"COVID-19 and nutrition programming",2021-01-17,131,73748,0,1781,588
"COVID-19 and nutrition programming",2021-01-24,131,75335,0,1587,588
"COVID-19 and nutrition programming",2021-01-31,135,76883,4,1548,588
"COVID-19 and nutrition programming",2021-02-07,134,78088,-1,1205,588
"COVID-19 and nutrition programming",2021-02-14,134,80155,0,2067,588
"COVID-19 and nutrition programming",2021-02-21,134,81869,0,1714,588
"COVID-19 and nutrition programming",2021-02-28,136,84537,2,2668,588
"COVID-19 and nutrition programming",2021-03-07,135,84086,-1,-451,588
"COVID-19 and nutrition programming",2021-03-14,135,86135,0,2049,588
"COVID-19 and nutrition programming",2021-03-21,135,87737,0,1602,588
"COVID-19 and nutrition programming",2021-03-28,136,91941,1,4204,510
"COVID-19 and nutrition programming",2021-04-04,134,92893,-2,952,602
"COVID-19 and nutrition programming",2021-04-11,134,95306,0,2413,602
"COVID-19 and nutrition programming",2021-04-18,134,97135,0,1829,602
"COVID-19 and nutrition programming",2021-04-25,136,100711,2,3576,517
"COVID-19 and nutrition programming",2021-05-02,136,102512,0,1801,609
"COVID-19 and nutrition programming",2021-05-09,136,104416,0,1904,609
"COVID-19 and nutrition programming",2021-05-16,136,106876,0,2460,609
"COVID-19 and nutrition programming",2021-05-23,136,108859,0,1983,609
"COVID-19 and nutrition programming",2021-05-30,136,110784,0,1925,522
"COVID-19 and nutrition programming",2021-06-06,136,112490,0,1706,609
"COVID-19 and nutrition programming",2021-06-13,136,114400,0,1910,609
"COVID-19 and nutrition programming",2021-06-20,136,115961,0,1561,609
"COVID-19 and nutrition programming",2021-06-27,136,118254,0,2293,591
"COVID-19 and nutrition programming",2021-07-04,128,113733,-8,-4521,567
"COVID-19 and nutrition programming",2021-07-11,128,115699,0,1966,567
"COVID-19 and nutrition programming",2021-07-18,128,117673,0,1974,567
"COVID-19 and nutrition programming",2021-07-25,128,119401,0,1728,567
"COVID-19 and nutrition programming",2021-08-01,136,128130,8,8729,435
"COVID-19 and nutrition programming",2021-09-26,137,139084,1,10954,348
"COVID-19 and nutrition programming",2021-10-03,137,139049,0,-35,602
"COVID-19 and nutrition programming",2021-10-10,137,141145,0,2096,602
"COVID-19 and nutrition programming",2021-10-17,137,141267,0,122,86
"COVID-19 and nutrition programming",2021-12-26,134,154774,-3,13507,86
"COVID-19 and nutrition programming",2022-01-02,134,165451,0,10677,602
"COVID-19 and nutrition programming",2022-01-09,134,180513,0,15062,602
"COVID-19 and nutrition programming",2022-01-16,134,195878,0,15365,602
"COVID-19 and nutrition programming",2022-01-23,134,210562,0,14684,602
"COVID-19 and nutrition programming",2022-01-30,138,229928,4,19366,597
"COVID-19 and nutrition programming",2022-02-06,136,236803,-2,6875,595
"COVID-19 and nutrition programming",2022-02-13,136,252124,0,15321,595
"COVID-19 and nutrition programming",2022-02-20,136,267165,0,15041,595
"COVID-19 and nutrition programming",2022-02-27,138,292379,2,25214,610
"COVID-19 and nutrition programming",2022-03-06,138,307702,0,15323,616
"COVID-19 and nutrition programming",2022-03-13,138,322574,0,14872,616
"COVID-19 and nutrition programming",2022-03-20,138,337912,0,15338,616
"COVID-19 and nutrition programming",2022-03-27,138,353181,0,15269,616
"COVID-19 and nutrition programming",2022-04-03,138,368782,0,15601,616
"COVID-19 and nutrition programming",2022-04-10,138,384151,0,15369,616
"COVID-19 and nutrition programming",2022-04-17,138,395329,0,11178,528
"COVID-19 and nutrition programming",2022-04-24,138,409695,0,14366,528
"COVID-19 and nutrition programming",2022-05-01,138,408033,0,-1662,616
"COVID-19 and nutrition programming",2022-05-08,138,409419,0,1386,616
"COVID-19 and nutrition programming",2022-05-15,138,410907,0,1488,616
"COVID-19 and nutrition programming",2022-05-22,138,411990,0,1083,616
"COVID-19 and nutrition programming",2022-05-29,138,417252,0,5262,616
"COVID-19 and nutrition programming",2022-06-05,138,413692,0,-3560,616
"COVID-19 and nutrition programming",2022-06-12,138,415375,0,1683,616
"COVID-19 and nutrition programming",2022-06-19,138,416893,0,1518,616
"COVID-19 and nutrition programming",2022-06-26,138,423700,0,6807,608
"COVID-19 and nutrition programming",2022-07-03,134,400968,-4,-22732,504
"COVID-19 and nutrition programming",2022-07-10,134,402760,0,1792,336
"COVID-19 and nutrition programming",2022-07-17,134,404026,0,1266,588
"COVID-19 and nutrition programming",2022-07-24,134,405804,0,1778,588
"COVID-19 and nutrition programming",2022-07-31,138,431257,4,25453,606
"COVID-19 and nutrition programming",2022-08-07,120,418671,-18,-12586,348
"Cross-cutting issues",2020-12-27,90,196157,0,0,329
"Cross-cutting issues",2021-01-03,90,197227,0,1070,329
"Cross-cutting issues",2021-01-10,90,198506,0,1279,329
"Cross-cutting issues",2021-01-17,90,199327,0,821,329
"Cross-cutting issues",2021-01-24,90,200081,0,754,329
"Cross-cutting issues",2021-01-31,90,200806,0,725,323
"Cross-cutting issues",2021-02-07,90,200484,0,-322,322
"Cross-cutting issues",2021-02-14,90,201504,0,1020,322
"Cross-cutting issues",2021-02-21,90,202305,0,801,322
"Cross-cutting issues",2021-02-28,90,204589,0,2284,328
"Cross-cutting issues",2021-03-07,90,205240,0,651,329
"Cross-cutting issues",2021-03-14,90,206364,0,1124,329
"Cross-cutting issues",2021-03-21,90,207237,0,873,329
"Cross-cutting issues",2021-03-28,90,208243,0,1006,285
"Cross-cutting issues",2021-04-04,90,209350,0,1107,336
"Cross-cutting issues",2021-04-11,90,210527,0,1177,336
"Cross-cutting issues",2021-04-18,90,211462,0,935,336
"Cross-cutting issues",2021-04-25,90,212577,0,1115,288
"Cross-cutting issues",2021-05-02,90,213672,0,1095,336
"Cross-cutting issues",2021-05-09,90,214570,0,898,336
"Cross-cutting issues",2021-05-16,90,215816,0,1246,336
"Cross-cutting issues",2021-05-23,90,216953,0,1137,336
"Cross-cutting issues",2021-05-30,90,217795,0,842,288
"Cross-cutting issues",2021-06-06,90,218664,0,869,336
"Cross-cutting issues",2021-06-13,90,219748,0,1084,336
"Cross-cutting issues",2021-06-20,90,220561,0,813,336
"Cross-cutting issues",2021-06-27,90,221565,0,1004,336
"Cross-cutting issues",2021-07-04,90,222741,0,1176,336
"Cross-cutting issues",2021-07-11,90,223670,0,929,336
"Cross-cutting issues",2021-07-18,90,224517,0,847,336
"Cross-cutting issues",2021-07-25,90,225278,0,761,336
"Cross-cutting issues",2021-08-01,90,226148,0,870,240
"Cross-cutting issues",2021-09-26,90,231658,0,5510,192
"Cross-cutting issues",2021-10-03,90,232769,0,1111,336
"Cross-cutting issues",2021-10-10,90,233864,0,1095,336
"Cross-cutting issues",2021-10-17,90,233935,0,71,48
"Cross-cutting issues",2021-12-26,90,242594,0,8659,48
"Cross-cutting issues",2022-01-02,90,248521,0,5927,336
"Cross-cutting issues",2022-01-09,90,256967,0,8446,336
"Cross-cutting issues",2022-01-16,90,265532,0,8565,336
"Cross-cutting issues",2022-01-23,90,273777,0,8245,336
"Cross-cutting issues",2022-01-30,90,282031,0,8254,336
"Cross-cutting issues",2022-02-06,90,290495,0,8464,336
"Cross-cutting issues",2022-02-13,90,299220,0,8725,336
"Cross-cutting issues",2022-02-20,90,307767,0,8547,336
"Cross-cutting issues",2022-02-27,90,315910,0,8143,326
"Cross-cutting issues",2022-03-06,85,308083,-5,-7827,322
"Cross-cutting issues",2022-03-13,85,315909,0,7826,322
"Cross-cutting issues",2022-03-20,85,323900,0,7991,322
"Cross-cutting issues",2022-03-27,90,349262,5,25362,324
"Cross-cutting issues",2022-04-03,90,350798,0,1536,329
"Cross-cutting issues",2022-04-10,90,359254,0,8456,329
"Cross-cutting issues",2022-04-17,90,365268,0,6014,282
"Cross-cutting issues",2022-04-24,90,372983,0,7715,282
"Cross-cutting issues",2022-05-01,92,381737,2,8754,336
"Cross-cutting issues",2022-05-08,92,382579,0,842,336
"Cross-cutting issues",2022-05-15,92,383441,0,862,336
"Cross-cutting issues",2022-05-22,92,384225,0,784,336
"Cross-cutting issues",2022-05-29,92,385191,0,966,328
"Cross-cutting issues",2022-06-05,87,367191,-5,-18000,322
"Cross-cutting issues",2022-06-12,87,368134,0,943,322
"Cross-cutting issues",2022-06-19,87,368990,0,856,322
"Cross-cutting issues",2022-06-26,92,388911,5,19921,310
"Cross-cutting issues",2022-07-03,79,317435,-13,-71476,240
"Cross-cutting issues",2022-07-10,79,318572,0,1137,160
"Cross-cutting issues",2022-07-17,79,319323,0,751,280
"Cross-cutting issues",2022-07-24,79,320126,0,803,280
"Cross-cutting issues",2022-07-31,92,393859,13,73733,328
"Cross-cutting issues",2022-08-07,92,394158,0,299,192
"Food assistance",2020-12-27,63,162405,0,0,222
"Food assistance",2021-01-03,63,165892,0,3487,217
"Food assistance",2021-01-10,63,171157,0,5265,217
"Food assistance",2021-01-17,63,185237,0,14080,217
"Food assistance",2021-01-24,63,186803,0,1566,217
"Food assistance",2021-01-31,63,190931,0,4128,217
"Food assistance",2021-02-07,63,192693,0,1762,217
"Food assistance",2021-02-14,63,194401,0,1708,217
"Food assistance",2021-02-21,63,196128,0,1727,217
"Food assistance",2021-02-28,63,199298,0,3170,223
"Food assistance",2021-03-07,63,201299,0,2001,224
"Food assistance",2021-03-14,63,203107,0,1808,224
"Food assistance",2021-03-21,63,204847,0,1740,224
"Food assistance",2021-03-28,63,206622,0,1775,192
"Food assistance",2021-04-04,63,208310,0,1688,224
"Food assistance",2021-04-11,63,210202,0,1892,224
"Food assistance",2021-04-18,63,211795,0,1593,224
"Food assistance",2021-04-25,63,213985,0,2190,192
"Food assistance",2021-05-02,63,217977,0,3992,224
"Food assistance",2021-05-09,63,220722,0,2745,224
"Food assistance",2021-05-16,63,221564,0,842,224
"Food assistance",2021-05-23,63,222316,0,752,224
"Food assistance",2021-05-30,63,222960,0,644,192
"Food assistance",2021-06-06,63,223607,0,647,224
"Food assistance",2021-06-13,63,224349,0,742,224
"Food assistance",2021-06-20,63,224932,0,583,224
"Food assistance",2021-06-27,63,225685,0,753,224
"Food assistance",2021-07-04,63,226425,0,740,224
"Food assistance",2021-07-11,63,227118,0,693,224
"Food assistance",2021-07-18,63,227854,0,736,224
"Food assistance",2021-07-25,63,228457,0,603,224
"Food assistance",2021-08-01,63,229101,0,644,160
"Food assistance",2021-09-26,64,232986,1,3885,128
"Food assistance",2021-10-03,64,233761,0,775,224
"Food assistance",2021-10-10,64,234500,0,739,224
"Food assistance",2021-10-17,64,234545,0,45,32
"Food assistance",2021-12-26,67,241052,3,6507,33
"Food assistance",2022-01-02,67,245147,0,4095,231
"Food assistance",2022-01-09,67,250984,0,5837,231
"Food assistance",2022-01-16,67,256970,0,5986,231
"Food assistance",2022-01-23,67,262706,0,5736,231
"Food assistance",2022-01-30,67,269435,0,6729,231
"Food assistance",2022-02-06,67,275383,0,5948,231
"Food assistance",2022-02-13,67,281385,0,6002,231
"Food assistance",2022-02-20,67,287285,0,5900,231
"Food assistance",2022-02-27,67,292807,0,5522,221
"Food assistance",2022-03-06,64,283883,-3,-8924,217
"Food assistance",2022-03-13,64,289138,0,5255,217
"Food assistance",2022-03-20,64,294469,0,5331,217
"Food assistance",2022-03-27,67,315849,3,21380,221
"Food assistance",2022-04-03,67,321730,0,5881,231
"Food assistance",2022-04-10,67,327548,0,5818,231
"Food assistance",2022-04-17,67,331741,0,4193,198
"Food assistance",2022-04-24,67,337091,0,5350,198
"Food assistance",2022-05-01,67,337742,0,651,231
"Food assistance",2022-05-08,67,338316,0,574,231
"Food assistance",2022-05-15,67,338954,0,638,231
"Food assistance",2022-05-22,67,339469,0,515,231
"Food assistance",2022-05-29,67,340069,0,600,227
"Food assistance",2022-06-05,67,330439,0,-9630,224
"Food assistance",2022-06-12,67,331134,0,695,224
"Food assistance",2022-06-19,67,331759,0,625,224
"Food assistance",2022-06-26,67,342751,0,10992,224
"Food assistance",2022-07-03,66,335283,-1,-7468,192
"Food assistance",2022-07-10,66,337991,0,2708,128
"Food assistance",2022-07-17,66,338559,0,568,224
"Food assistance",2022-07-24,66,339254,0,695,224
"Food assistance",2022-07-31,67,348284,1,9030,224
"Food assistance",2022-08-07,65,336805,-2,-11479,128
"Infant and young child feeding interventions",2020-12-27,723,912954,0,0,1430
"Infant and young child feeding interventions",2021-01-03,721,910789,-2,-2165,1400
"Infant and young child feeding interventions",2021-01-10,721,916644,0,5855,1400
"Infant and young child feeding interventions",2021-01-17,721,920686,0,4042,1400
"Infant and young child feeding interventions",2021-01-24,721,924335,0,3649,1400
"Infant and young child feeding interventions",2021-01-31,724,930000,3,5665,1418
"Infant and young child feeding interventions",2021-02-07,723,934275,-1,4275,1421
"Infant and young child feeding interventions",2021-02-14,724,939526,1,5251,1421
"Infant and young child feeding interventions",2021-02-21,726,943778,2,4252,1421
"Infant and young child feeding interventions",2021-02-28,732,949282,6,5504,1415
"Infant and young child feeding interventions",2021-03-07,718,946860,-14,-2422,1414
"Infant and young child feeding interventions",2021-03-14,718,952137,0,5277,1414
"Infant and young child feeding interventions",2021-03-21,718,956472,0,4335,1414
"Infant and young child feeding interventions",2021-03-28,736,968566,18,12094,1242
"Infant and young child feeding interventions",2021-04-04,739,973866,3,5300,1484
"Infant and young child feeding interventions",2021-04-11,739,979954,0,6088,1484
"Infant and young child feeding interventions",2021-04-18,739,984554,0,4600,1484
"Infant and young child feeding interventions",2021-04-25,740,991166,1,6612,1274
"Infant and young child feeding interventions",2021-05-02,740,996467,0,5301,1498
"Infant and young child feeding interventions",2021-05-09,740,1001325,0,4858,1498
"Infant and young child feeding interventions",2021-05-16,740,1007367,0,6042,1498
"Infant and young child feeding interventions",2021-05-23,740,1012793,0,5426,1498
"Infant and young child feeding interventions",2021-05-30,743,1017888,3,5095,1300
"Infant and young child feeding interventions",2021-06-06,741,1021273,-2,3385,1526
"Infant and young child feeding interventions",2021-06-13,744,1026670,3,5397,1526
"Infant and young child feeding interventions",2021-06-20,744,1030907,0,4237,1526
"Infant and young child feeding interventions",2021-06-27,748,1035896,4,4989,1481
"Infant and young child feeding interventions",2021-07-04,734,1024421,-14,-11475,1421
"Infant and young child feeding interventions",2021-07-11,734,1028810,0,4389,1421
"Infant and young child feeding interventions",2021-07-18,735,1032714,1,3904,1421
"Infant and young child feeding interventions",2021-07-25,735,1036404,0,3690,1421
"Infant and young child feeding interventions",2021-08-01,785,1060991,50,24587,1110
"Infant and young child feeding interventions",2021-09-26,806,1090455,21,29464,920
"Infant and young child feeding interventions",2021-10-03,806,1095625,0,5170,1610
"Infant and young child feeding interventions",2021-10-10,806,1100980,0,5355,1610
"Infant and young child feeding interventions",2021-10-17,806,1101339,0,359,230
"Infant and young child feeding interventions",2021-12-26,827,1145368,21,44029,238
"Infant and young child feeding interventions",2022-01-02,830,1175015,3,29647,1666
"Infant and young child feeding interventions",2022-01-09,830,1216851,0,41836,1666
"Infant and young child feeding interventions",2022-01-16,830,1260048,0,43197,1666
"Infant and young child feeding interventions",2022-01-23,830,1301259,0,41211,1666
"Infant and young child feeding interventions",2022-01-30,830,1339477,0,38218,1606
"Infant and young child feeding interventions",2022-02-06,802,1345551,-28,6074,1582
"Infant and young child feeding interventions",2022-02-13,802,1386549,0,40998,1582
"Infant and young child feeding interventions",2022-02-20,802,1426651,0,40102,1582
"Infant and young child feeding interventions",2022-02-27,833,1509576,31,82925,1582
"Infant and young child feeding interventions",2022-03-06,780,1448398,-53,-61178,1582
"Infant and young child feeding interventions",2022-03-13,780,1486681,0,38283,1582
"Infant and young child feeding interventions",2022-03-20,780,1525734,0,39053,1582
"Infant and young child feeding interventions",2022-03-27,849,1678348,69,152614,1596
"Infant and young child feeding interventions",2022-04-03,843,1692215,-6,13867,1631
"Infant and young child feeding interventions",2022-04-10,843,1733189,0,40974,1631
"Infant and young child feeding interventions",2022-04-17,843,1762748,0,29559,1398
"Infant and young child feeding interventions",2022-04-24,844,1800933,1,38185,1398
"Infant and young child feeding interventions",2022-05-01,859,1800154,15,-779,1687
"Infant and young child feeding interventions",2022-05-08,859,1804382,0,4228,1687
"Infant and young child feeding interventions",2022-05-15,859,1808979,0,4597,1687
"Infant and young child feeding interventions",2022-05-22,859,1812817,0,3838,1687
"Infant and young child feeding interventions",2022-05-29,879,1859625,20,46808,1639
"Infant and young child feeding interventions",2022-06-05,842,1721040,-37,-138585,1603
"Infant and young child feeding interventions",2022-06-12,843,1725805,1,4765,1603
"Infant and young child feeding interventions",2022-06-19,843,1730075,0,4270,1603
"Infant and young child feeding interventions",2022-06-26,888,1879398,45,149323,1639
"Infant and young child feeding interventions",2022-07-03,881,1850179,-7,-29219,1482
"Infant and young child feeding interventions",2022-07-10,881,1855614,0,5435,988
"Infant and young child feeding interventions",2022-07-17,881,1859965,0,4351,1729
"Infant and young child feeding interventions",2022-07-24,881,1865494,0,5529,1729
"Infant and young child feeding interventions",2022-07-31,907,1905044,26,39550,1759
"Infant and young child feeding interventions",2022-08-07,906,1881768,-1,-23276,1008
"Management of At Risk Mothers and Infants",2020-12-27,66,111627,0,0,189
"Management of At Risk Mothers and Infants",2021-01-03,66,112346,0,719,189
"Management of At Risk Mothers and Infants",2021-01-10,66,113133,0,787,189
"Management of At Risk Mothers and Infants",2021-01-17,66,113682,0,549,189
"Management of At Risk Mothers and Infants",2021-01-24,66,114215,0,533,189
"Management of At Risk Mothers and Infants",2021-01-31,66,114799,0,584,195
"Management of At Risk Mothers and Infants",2021-02-07,66,115518,0,719,196
"Management of At Risk Mothers and Infants",2021-02-14,66,116234,0,716,196
"Management of At Risk Mothers and Infants",2021-02-21,66,116857,0,623,196
"Management of At Risk Mothers and Infants",2021-02-28,66,117324,0,467,196
"Management of At Risk Mothers and Infants",2021-03-07,66,117817,0,493,196
"Management of At Risk Mothers and Infants",2021-03-14,66,118559,0,742,196
"Management of At Risk Mothers and Infants",2021-03-21,66,119190,0,631,196
"Management of At Risk Mothers and Infants",2021-03-28,70,120868,4,1678,168
"Management of At Risk Mothers and Infants",2021-04-04,66,114342,-4,-6526,196
"Management of At Risk Mothers and Infants",2021-04-11,66,115165,0,823,196
"Management of At Risk Mothers and Infants",2021-04-18,66,115839,0,674,196
"Management of At Risk Mothers and Infants",2021-04-25,66,116315,0,476,140
"Management of small and nutritionally at risk infants under six months and their mothers (MAMI)",2021-05-30,73,128879,0,0,136
"Management of small and nutritionally at risk infants under six months and their mothers (MAMI)",2021-06-06,73,129596,0,717,238
"Management of small and nutritionally at risk infants under six months and their mothers (MAMI)",2021-06-13,73,130443,0,847,238
"Management of small and nutritionally at risk infants under six months and their mothers (MAMI)",2021-06-20,73,131121,0,678,238
"Management of small and nutritionally at risk infants under six months and their mothers (MAMI)",2021-06-27,77,132690,4,1569,247
"Management of small and nutritionally at risk infants under six months and their mothers (MAMI)",2021-07-04,71,128019,-6,-4671,259
"Management of small and nutritionally at risk infants under six months and their mothers (MAMI)",2021-07-11,72,128856,1,837,259
"Management of small and nutritionally at risk infants under six months and their mothers (MAMI)",2021-07-18,72,129549,0,693,259
"Management of small and nutritionally at risk infants under six months and their mothers (MAMI)",2021-07-25,72,130292,0,743,259
"Management of small and nutritionally at risk infants under six months and their mothers (MAMI)",2021-08-01,78,137759,6,7467,200
"Management of small and nutritionally at risk infants under six months and their mothers (MAMI)",2021-09-26,78,142805,0,5046,168
"Management of small and nutritionally at risk infants under six months and their mothers (MAMI)",2021-10-03,78,143708,0,903,294
"Management of small and nutritionally at risk infants under six months and their mothers (MAMI)",2021-10-10,78,144618,0,910,294
"Management of small and nutritionally at risk infants under six months and their mothers (MAMI)",2021-10-17,78,144690,0,72,42
"Management of small and nutritionally at risk infants under six months and their mothers (MAMI)",2021-12-26,85,152256,7,7566,43
"Management of small and nutritionally at risk infants under six months and their mothers (MAMI)",2022-01-02,85,157608,0,5352,301
"Management of small and nutritionally at risk infants under six months and their mothers (MAMI)",2022-01-09,85,165200,0,7592,301
"Management of small and nutritionally at risk infants under six months and their mothers (MAMI)",2022-01-16,85,172861,0,7661,301
"Management of small and nutritionally at risk infants under six months and their mothers (MAMI)",2022-01-23,85,180240,0,7379,301
"Management of small and nutritionally at risk infants under six months and their mothers (MAMI)",2022-01-30,85,187356,0,7116,301
"Management of small and nutritionally at risk infants under six months and their mothers (MAMI)",2022-02-06,85,194979,0,7623,301
"Management of small and nutritionally at risk infants under six months and their mothers (MAMI)",2022-02-13,85,202789,0,7810,301
"Management of small and nutritionally at risk infants under six months and their mothers (MAMI)",2022-02-20,85,210347,0,7558,301
"Management of small and nutritionally at risk infants under six months and their mothers (MAMI)",2022-02-27,90,218717,5,8370,301
"Management of small and nutritionally at risk infants under six months and their mothers (MAMI)",2022-03-06,82,212625,-8,-6092,301
"Management of small and nutritionally at risk infants under six months and their mothers (MAMI)",2022-03-13,82,219911,0,7286,301
"Management of small and nutritionally at risk infants under six months and their mothers (MAMI)",2022-03-20,82,227410,0,7499,301
"Management of small and nutritionally at risk infants under six months and their mothers (MAMI)",2022-03-27,90,250003,8,22593,305
"Management of small and nutritionally at risk infants under six months and their mothers (MAMI)",2022-04-03,90,257996,0,7993,315
"Management of small and nutritionally at risk infants under six months and their mothers (MAMI)",2022-04-10,90,265937,0,7941,315
"Management of small and nutritionally at risk infants under six months and their mothers (MAMI)",2022-04-17,90,271607,0,5670,270
"Management of small and nutritionally at risk infants under six months and their mothers (MAMI)",2022-04-24,90,278981,0,7374,270
"Management of small and nutritionally at risk infants under six months and their mothers (MAMI)",2022-05-01,90,280010,0,1029,315
"Management of small and nutritionally at risk infants under six months and their mothers (MAMI)",2022-05-08,90,280812,0,802,315
"Management of small and nutritionally at risk infants under six months and their mothers (MAMI)",2022-05-15,90,281681,0,869,315
"Management of small and nutritionally at risk infants under six months and their mothers (MAMI)",2022-05-22,90,282416,0,735,315
"Management of small and nutritionally at risk infants under six months and their mothers (MAMI)",2022-05-29,102,284186,12,1770,319
"Management of small and nutritionally at risk infants under six months and their mothers (MAMI)",2022-06-05,98,264783,-4,-19403,322
"Management of small and nutritionally at risk infants under six months and their mothers (MAMI)",2022-06-12,100,265852,2,1069,322
"Management of small and nutritionally at risk infants under six months and their mothers (MAMI)",2022-06-19,107,266930,7,1078,322
"Management of small and nutritionally at risk infants under six months and their mothers (MAMI)",2022-06-26,125,288794,18,21864,322
"Management of small and nutritionally at risk infants under six months and their mothers (MAMI)",2022-07-03,117,257386,-8,-31408,276
"Management of small and nutritionally at risk infants under six months and their mothers (MAMI)",2022-07-10,117,258411,0,1025,184
"Management of small and nutritionally at risk infants under six months and their mothers (MAMI)",2022-07-17,117,259308,0,897,322
"Management of small and nutritionally at risk infants under six months and their mothers (MAMI)",2022-07-24,117,260406,0,1098,322
"Management of small and nutritionally at risk infants under six months and their mothers (MAMI)",2022-07-31,126,293962,9,33556,358
"Management of small and nutritionally at risk infants under six months and their mothers (MAMI)",2022-08-07,127,294393,1,431,208
"Management of wasting/acute malnutrition",2020-12-27,1850,2549403,0,0,3727
"Management of wasting/acute malnutrition",2021-01-03,1828,2550355,-22,952,3682
"Management of wasting/acute malnutrition",2021-01-10,1829,2562973,1,12618,3682
"Management of wasting/acute malnutrition",2021-01-17,1830,2574964,1,11991,3682
"Management of wasting/acute malnutrition",2021-01-24,1833,2584883,3,9919,3682
"Management of wasting/acute malnutrition",2021-01-31,1871,2609278,38,24395,3742
"Management of wasting/acute malnutrition",2021-02-07,1872,2617404,1,8126,3752
"Management of wasting/acute malnutrition",2021-02-14,1878,2631163,6,13759,3752
"Management of wasting/acute malnutrition",2021-02-21,1882,2642452,4,11289,3752
"Management of wasting/acute malnutrition",2021-02-28,1908,2659577,26,17125,3794
"Management of wasting/acute malnutrition",2021-03-07,1908,2664926,0,5349,3801
"Management of wasting/acute malnutrition",2021-03-14,1908,2677588,0,12662,3801
"Management of wasting/acute malnutrition",2021-03-21,1908,2690306,0,12718,3801
"Management of wasting/acute malnutrition",2021-03-28,1911,2706979,3,16673,3267
"Management of wasting/acute malnutrition",2021-04-04,1911,2718388,0,11409,3822
"Management of wasting/acute malnutrition",2021-04-11,1912,2734939,1,16551,3822
"Management of wasting/acute malnutrition",2021-04-18,1918,2747720,6,12781,3822
"Management of wasting/acute malnutrition",2021-04-25,1919,2761865,1,14145,3278
"Management of wasting/acute malnutrition",2021-05-02,1919,2774506,0,12641,3836
"Management of wasting/acute malnutrition",2021-05-09,1919,2785440,0,10934,3836
"Management of wasting/acute malnutrition",2021-05-16,1919,2802091,0,16651,3836
"Management of wasting/acute malnutrition",2021-05-23,1919,2814916,0,12825,3836
"Management of wasting/acute malnutrition",2021-05-30,1919,2826574,0,11658,3280
"Management of wasting/acute malnutrition",2021-06-06,1915,2832245,-4,5671,3822
"Management of wasting/acute malnutrition",2021-06-13,1917,2845422,2,13177,3822
"Management of wasting/acute malnutrition",2021-06-20,1917,2855823,0,10401,3822
"Management of wasting/acute malnutrition",2021-06-27,1921,2870626,4,14803,3810
"Management of wasting/acute malnutrition",2021-07-04,1901,2854506,-20,-16120,3794
"Management of wasting/acute malnutrition",2021-07-11,1906,2865649,5,11143,3794
"Management of wasting/acute malnutrition",2021-07-18,1905,2875044,-1,9395,3794
"Management of wasting/acute malnutrition",2021-07-25,1905,2884982,0,9938,3794
"Management of wasting/acute malnutrition",2021-08-01,1934,2929177,29,44195,2775
"Management of wasting/acute malnutrition",2021-09-26,1943,2996140,9,66963,2236
"Management of wasting/acute malnutrition",2021-10-03,1943,3009423,0,13283,3913
"Management of wasting/acute malnutrition",2021-10-10,1945,3022098,2,12675,3913
"Management of wasting/acute malnutrition",2021-10-17,1945,3022949,0,851,559
"Management of wasting/acute malnutrition",2021-12-26,1921,3085105,-24,62156,551
"Management of wasting/acute malnutrition",2022-01-02,1921,3152694,0,67589,3857
"Management of wasting/acute malnutrition",2022-01-09,1922,3249013,1,96319,3857
"Management of wasting/acute malnutrition",2022-01-16,1922,3345576,0,96563,3857
"Management of wasting/acute malnutrition",2022-01-23,1922,3441124,0,95548,3857
"Management of wasting/acute malnutrition",2022-01-30,1964,3581509,42,140385,3932
"Management of wasting/acute malnutrition",2022-02-06,1952,3668569,-12,87060,3962
"Management of wasting/acute malnutrition",2022-02-13,1954,3769728,2,101159,3962
"Management of wasting/acute malnutrition",2022-02-20,1957,3871198,3,101470,3962
"Management of wasting/acute malnutrition",2022-02-27,1969,3985982,12,114784,3872
"Management of wasting/acute malnutrition",2022-03-06,1883,3932218,-86,-53764,3836
"Management of wasting/acute malnutrition",2022-03-13,1883,4024120,0,91902,3836
"Management of wasting/acute malnutrition",2022-03-20,1883,4118938,0,94818,3836
"Management of wasting/acute malnutrition",2022-03-27,1980,4382016,97,263078,3878
"Management of wasting/acute malnutrition",2022-04-03,1969,4457057,-11,75041,3983
"Management of wasting/acute malnutrition",2022-04-10,1969,4554648,0,97591,3983
"Management of wasting/acute malnutrition",2022-04-17,1969,4627502,0,72854,3414
"Management of wasting/acute malnutrition",2022-04-24,1972,4718671,3,91169,3414
"Management of wasting/acute malnutrition",2022-05-01,2000,4742962,28,24291,4025
"Management of wasting/acute malnutrition",2022-05-08,2000,4753015,0,10053,4025
"Management of wasting/acute malnutrition",2022-05-15,2000,4765873,0,12858,4025
"Management of wasting/acute malnutrition",2022-05-22,2000,4774781,0,8908,4025
"Management of wasting/acute malnutrition",2022-05-29,2004,4805000,4,30219,3993
"Management of wasting/acute malnutrition",2022-06-05,1979,4727735,-25,-77265,3969
"Management of wasting/acute malnutrition",2022-06-12,1979,4740112,0,12377,3969
"Management of wasting/acute malnutrition",2022-06-19,1979,4749801,0,9689,3969
"Management of wasting/acute malnutrition",2022-06-26,2005,4851752,26,101951,3961
"Management of wasting/acute malnutrition",2022-07-03,1982,4730745,-23,-121007,3378
"Management of wasting/acute malnutrition",2022-07-10,1987,4743277,5,12532,2252
"Management of wasting/acute malnutrition",2022-07-17,1988,4753222,1,9945,3941
"Management of wasting/acute malnutrition",2022-07-24,1988,4765960,0,12738,3941
"Management of wasting/acute malnutrition",2022-07-31,2022,4907115,34,141155,4013
"Management of wasting/acute malnutrition",2022-08-07,1987,4824123,-35,-82992,2300
"Micronutrients",2020-12-27,122,244586,0,0,385
"Micronutrients",2021-01-03,122,245817,0,1231,385
"Micronutrients",2021-01-10,122,247326,0,1509,385
"Micronutrients",2021-01-17,122,248329,0,1003,385
"Micronutrients",2021-01-24,122,249235,0,906,385
"Micronutrients",2021-01-31,122,250093,0,858,385
"Micronutrients",2021-02-07,122,251439,0,1346,385
"Micronutrients",2021-02-14,122,252666,0,1227,385
"Micronutrients",2021-02-21,122,253736,0,1070,385
"Micronutrients",2021-02-28,123,254775,1,1039,391
"Micronutrients",2021-03-07,123,255634,0,859,392
"Micronutrients",2021-03-14,123,257030,0,1396,392
"Micronutrients",2021-03-21,123,258063,0,1033,392
"Micronutrients",2021-03-28,123,259190,0,1127,336
"Micronutrients",2021-04-04,123,260447,0,1257,392
"Micronutrients",2021-04-11,123,261869,0,1422,392
"Micronutrients",2021-04-18,123,263020,0,1151,392
"Micronutrients",2021-04-25,123,264343,0,1323,336
"Micronutrients",2021-05-02,123,265601,0,1258,392
"Micronutrients",2021-05-09,123,266638,0,1037,392
"Micronutrients",2021-05-16,123,268112,0,1474,392
"Micronutrients",2021-05-23,123,269386,0,1274,392
"Micronutrients",2021-05-30,123,270411,0,1025,336
"Micronutrients",2021-06-06,123,271484,0,1073,392
"Micronutrients",2021-06-13,123,272742,0,1258,392
"Micronutrients",2021-06-20,123,273735,0,993,392
"Micronutrients",2021-06-27,123,274941,0,1206,392
"Micronutrients",2021-07-04,123,276261,0,1320,392
"Micronutrients",2021-07-11,123,277309,0,1048,392
"Micronutrients",2021-07-18,123,278260,0,951,392
"Micronutrients",2021-07-25,123,279185,0,925,392
"Micronutrients",2021-08-01,123,280206,0,1021,280
"Micronutrients",2021-09-26,123,286267,0,6061,224
"Micronutrients",2021-10-03,123,287436,0,1169,392
"Micronutrients",2021-10-10,123,288716,0,1280,392
"Micronutrients",2021-10-17,123,288812,0,96,56
"Micronutrients",2021-12-26,123,297975,0,9163,56
"Micronutrients",2022-01-02,123,304824,0,6849,392
"Micronutrients",2022-01-09,123,314597,0,9773,392
"Micronutrients",2022-01-16,123,324491,0,9894,392
"Micronutrients",2022-01-23,123,334092,0,9601,392
"Micronutrients",2022-01-30,123,343128,0,9036,387
"Micronutrients",2022-02-06,121,344003,-2,875,385
"Micronutrients",2022-02-13,121,353860,0,9857,385
"Micronutrients",2022-02-20,121,363569,0,9709,385
"Micronutrients",2022-02-27,123,382625,2,19056,380
"Micronutrients",2022-03-06,121,378198,-2,-4427,378
"Micronutrients",2022-03-13,121,387329,0,9131,378
"Micronutrients",2022-03-20,121,396637,0,9308,378
"Micronutrients",2022-03-27,123,421372,2,24735,382
"Micronutrients",2022-04-03,123,431254,0,9882,392
"Micronutrients",2022-04-10,123,441080,0,9826,392
"Micronutrients",2022-04-17,123,448120,0,7040,336
"Micronutrients",2022-04-24,123,457177,0,9057,336
"Micronutrients",2022-05-01,120,449786,-3,-7391,385
"Micronutrients",2022-05-08,120,450688,0,902,385
"Micronutrients",2022-05-15,120,451648,0,960,385
"Micronutrients",2022-05-22,120,452408,0,760,385
"Micronutrients",2022-05-29,123,461970,3,9562,381
"Micronutrients",2022-06-05,121,446083,-2,-15887,378
"Micronutrients",2022-06-12,121,447113,0,1030,378
"Micronutrients",2022-06-19,121,448013,0,900,378
"Micronutrients",2022-06-26,123,466088,2,18075,378
"Micronutrients",2022-07-03,122,449112,-1,-16976,324
"Micronutrients",2022-07-10,122,450179,0,1067,216
"Micronutrients",2022-07-17,122,451019,0,840,378
"Micronutrients",2022-07-24,122,452100,0,1081,378
"Micronutrients",2022-07-31,123,470803,1,18703,384
"Micronutrients",2022-08-07,123,466872,0,-3931,220
"Multi-sector nutrition programming",2020-12-27,19,7177,0,0,21
"Multi-sector nutrition programming",2021-01-03,19,7255,0,78,21
"Multi-sector nutrition programming",2021-01-10,19,7346,0,91,21
"Multi-sector nutrition programming",2021-01-17,19,7407,0,61,21
"Multi-sector nutrition programming",2021-01-24,19,7471,0,64,21
"Multi-sector nutrition programming",2021-01-31,19,7525,0,54,21
"Multi-sector nutrition programming",2021-02-07,19,7609,0,84,21
"Multi-sector nutrition programming",2021-02-14,19,7680,0,71,21
"Multi-sector nutrition programming",2021-02-21,19,7746,0,66,21
"Multi-sector nutrition programming",2021-02-28,19,7795,0,49,21
"Multi-sector nutrition programming",2021-03-07,19,7836,0,41,21
"Multi-sector nutrition programming",2021-03-14,19,7922,0,86,21
"Multi-sector nutrition programming",2021-03-21,19,7998,0,76,21
"Multi-sector nutrition programming",2021-03-28,19,8065,0,67,18
"Multi-sector nutrition programming",2021-04-04,19,8142,0,77,21
"Multi-sector nutrition programming",2021-04-11,19,8233,0,91,21
"Multi-sector nutrition programming",2021-04-18,19,8303,0,70,21
"Multi-sector nutrition programming",2021-04-25,19,8382,0,79,18
"Multi-sector nutrition programming",2021-05-02,19,8464,0,82,21
"Multi-sector nutrition programming",2021-05-09,19,8527,0,63,21
"Multi-sector nutrition programming",2021-05-16,19,8606,0,79,21
"Multi-sector nutrition programming",2021-05-23,19,8679,0,73,21
"Multi-sector nutrition programming",2021-05-30,19,8736,0,57,18
"Multi-sector nutrition programming",2021-06-06,19,8796,0,60,21
"Multi-sector nutrition programming",2021-06-13,19,8872,0,76,21
"Multi-sector nutrition programming",2021-06-20,19,8938,0,66,21
"Multi-sector nutrition programming",2021-06-27,19,9005,0,67,21
"Multi-sector nutrition programming",2021-07-04,19,9066,0,61,21
"Multi-sector nutrition programming",2021-07-11,19,9127,0,61,21
"Multi-sector nutrition programming",2021-07-18,19,9187,0,60,21
"Multi-sector nutrition programming",2021-07-25,19,9239,0,52,21
"Multi-sector nutrition programming",2021-08-01,19,9303,0,64,15
"Other thematic area",2020-12-27,90,196951,0,0,364
"Other thematic area",2021-01-03,90,198057,0,1106,364
"Other thematic area",2021-01-10,90,199387,0,1330,364
"Other thematic area",2021-01-17,90,200309,0,922,364
"Other thematic area",2021-01-24,90,201118,0,809,364
"Other thematic area",2021-01-31,90,201891,0,773,364
"Other thematic area",2021-02-07,90,203088,0,1197,364
"Other thematic area",2021-02-14,90,204168,0,1080,364
"Other thematic area",2021-02-21,90,205069,0,901,364
"Other thematic area",2021-02-28,90,205918,0,849,358
"Other thematic area",2021-03-07,90,203096,0,-2822,357
"Other thematic area",2021-03-14,90,204319,0,1223,357
"Other thematic area",2021-03-21,90,205279,0,960,357
"Other thematic area",2021-03-28,91,210166,1,4887,306
"Other thematic area",2021-04-04,83,200776,-8,-9390,357
"Other thematic area",2021-04-11,83,202062,0,1286,357
"Other thematic area",2021-04-18,83,203005,0,943,357
"Other thematic area",2021-04-25,91,215014,8,12009,309
"Other thematic area",2021-05-02,91,216145,0,1131,378
"Other thematic area",2021-05-09,91,217141,0,996,378
"Other thematic area",2021-05-16,91,218533,0,1392,378
"Other thematic area",2021-05-23,91,219695,0,1162,378
"Other thematic area",2021-05-30,91,220747,0,1052,328
"Other thematic area",2021-06-06,91,221733,0,986,385
"Other thematic area",2021-06-13,91,222958,0,1225,385
"Other thematic area",2021-06-20,91,223872,0,914,385
"Other thematic area",2021-06-27,91,225068,0,1196,379
"Other thematic area",2021-07-04,90,225322,-1,254,371
"Other thematic area",2021-07-11,90,226360,0,1038,371
"Other thematic area",2021-07-18,90,227250,0,890,371
"Other thematic area",2021-07-25,90,228062,0,812,371
"Other thematic area",2021-08-01,92,230541,2,2479,280
"Other thematic area",2021-09-26,92,236319,0,5778,224
"Other thematic area",2021-10-03,92,237594,0,1275,392
"Other thematic area",2021-10-10,92,238857,0,1263,392
"Other thematic area",2021-10-17,92,238949,0,92,56
"Other thematic area",2021-12-26,94,248137,2,9188,57
"Other thematic area",2022-01-02,94,254919,0,6782,399
"Other thematic area",2022-01-09,94,264718,0,9799,399
"Other thematic area",2022-01-16,94,274869,0,10151,399
"Other thematic area",2022-01-23,94,284557,0,9688,399
"Other thematic area",2022-01-30,94,293624,0,9067,399
"Other thematic area",2022-02-06,94,303565,0,9941,399
"Other thematic area",2022-02-13,94,313668,0,10103,399
"Other thematic area",2022-02-20,94,323632,0,9964,399
"Other thematic area",2022-02-27,94,333237,0,9605,389
"Other thematic area",2022-03-06,93,333054,-1,-183,385
"Other thematic area",2022-03-13,93,342181,0,9127,385
"Other thematic area",2022-03-20,93,351588,0,9407,385
"Other thematic area",2022-03-27,94,372152,1,20564,391
"Other thematic area",2022-04-03,94,382268,0,10116,406
"Other thematic area",2022-04-10,95,392269,1,10001,406
"Other thematic area",2022-04-17,95,399337,0,7068,348
"Other thematic area",2022-04-24,95,408347,0,9010,348
"Other thematic area",2022-05-01,94,405803,-1,-2544,399
"Other thematic area",2022-05-08,95,406695,1,892,399
"Other thematic area",2022-05-15,95,407618,0,923,399
"Other thematic area",2022-05-22,95,408401,0,783,399
"Other thematic area",2022-05-29,96,413323,1,4922,411
"Other thematic area",2022-06-05,96,414282,0,959,420
"Other thematic area",2022-06-12,96,415428,0,1146,420
"Other thematic area",2022-06-19,99,416520,3,1092,420
"Other thematic area",2022-06-26,100,418004,1,1484,422
"Other thematic area",2022-07-03,100,418889,0,885,366
"Other thematic area",2022-07-10,100,419996,0,1107,244
"Other thematic area",2022-07-17,100,420865,0,869,427
"Other thematic area",2022-07-24,100,421981,0,1116,427
"Other thematic area",2022-07-31,100,422784,0,803,415
"Other thematic area",2022-08-07,96,412043,-4,-10741,236
"Partnerships for research",2020-12-27,24,53223,0,0,126
"Partnerships for research",2021-01-03,24,53615,0,392,126
"Partnerships for research",2021-01-10,24,54071,0,456,126
"Partnerships for research",2021-01-17,24,54394,0,323,126
"Partnerships for research",2021-01-24,24,54670,0,276,126
"Partnerships for research",2021-01-31,24,54909,0,239,126
"Partnerships for research",2021-02-07,24,55314,0,405,126
"Partnerships for research",2021-02-14,24,55687,0,373,126
"Partnerships for research",2021-02-21,24,55991,0,304,126
"Partnerships for research",2021-02-28,24,56289,0,298,126
"Partnerships for research",2021-03-07,24,56559,0,270,126
"Partnerships for research",2021-03-14,24,56980,0,421,126
"Partnerships for research",2021-03-21,24,57274,0,294,126
"Partnerships for research",2021-03-28,24,57605,0,331,108
"Partnerships for research",2021-04-04,24,57967,0,362,126
"Partnerships for research",2021-04-11,24,58412,0,445,126
"Partnerships for research",2021-04-18,24,58738,0,326,126
"Partnerships for research",2021-04-25,24,59253,0,515,109
"Partnerships for research",2021-05-02,24,59665,0,412,133
"Partnerships for research",2021-05-09,24,60024,0,359,133
"Partnerships for research",2021-05-16,24,60506,0,482,133
"Partnerships for research",2021-05-23,24,60896,0,390,133
"Partnerships for research",2021-05-30,24,61192,0,296,114
"Partnerships for research",2021-06-06,24,61538,0,346,133
"Partnerships for research",2021-06-13,24,61936,0,398,133
"Partnerships for research",2021-06-20,24,62226,0,290,133
"Partnerships for research",2021-06-27,24,62577,0,351,133
"Partnerships for research",2021-07-04,24,63004,0,427,133
"Partnerships for research",2021-07-11,24,63326,0,322,133
"Partnerships for research",2021-07-18,24,63629,0,303,133
"Partnerships for research",2021-07-25,24,63951,0,322,133
"Partnerships for research",2021-08-01,24,64282,0,331,95
"Partnerships for research",2021-09-26,25,66118,1,1836,76
"Partnerships for research",2021-10-03,25,66494,0,376,133
"Partnerships for research",2021-10-10,25,66903,0,409,133
"Partnerships for research",2021-10-17,25,66931,0,28,19
"Partnerships for research",2021-12-26,25,69765,0,2834,19
"Partnerships for research",2022-01-02,25,72027,0,2262,133
"Partnerships for research",2022-01-09,25,75319,0,3292,133
"Partnerships for research",2022-01-16,25,78656,0,3337,133
"Partnerships for research",2022-01-23,25,81880,0,3224,133
"Partnerships for research",2022-01-30,25,84944,0,3064,133
"Partnerships for research",2022-02-06,25,88264,0,3320,133
"Partnerships for research",2022-02-13,25,91633,0,3369,133
"Partnerships for research",2022-02-20,25,94948,0,3315,133
"Partnerships for research",2022-02-27,25,98237,0,3289,133
"Partnerships for research",2022-03-06,25,101490,0,3253,133
"Partnerships for research",2022-03-13,25,104678,0,3188,133
"Partnerships for research",2022-03-20,25,107889,0,3211,133
"Partnerships for research",2022-03-27,25,111603,0,3714,135
"Partnerships for research",2022-04-03,25,115062,0,3459,140
"Partnerships for research",2022-04-10,25,118514,0,3452,140
"Partnerships for research",2022-04-17,25,121016,0,2502,120
"Partnerships for research",2022-04-24,25,124216,0,3200,120
"Partnerships for research",2022-05-01,25,123472,0,-744,133
"Partnerships for research",2022-05-08,25,123717,0,245,133
"Partnerships for research",2022-05-15,25,123978,0,261,133
"Partnerships for research",2022-05-22,25,124193,0,215,133
"Partnerships for research",2022-05-29,25,124467,0,274,133
"Partnerships for research",2022-06-05,25,124713,0,246,133
"Partnerships for research",2022-06-12,25,125029,0,316,133
"Partnerships for research",2022-06-19,25,125327,0,298,133
"Partnerships for research",2022-06-26,25,125687,0,360,133
"Partnerships for research",2022-07-03,25,125910,0,223,114
"Partnerships for research",2022-07-10,25,126198,0,288,76
"Partnerships for research",2022-07-17,25,126447,0,249,133
"Partnerships for research",2022-07-24,25,126773,0,326,133
"Partnerships for research",2022-07-31,25,127001,0,228,133
"Partnerships for research",2022-08-07,25,127070,0,69,76
"Prevention and management of stunting",2020-12-27,31,64785,0,0,147
"Prevention and management of stunting",2021-01-03,31,65255,0,470,147
"Prevention and management of stunting",2021-01-10,31,65791,0,536,147
"Prevention and management of stunting",2021-01-17,31,66164,0,373,147
"Prevention and management of stunting",2021-01-24,31,66548,0,384,147
"Prevention and management of stunting",2021-01-31,31,66876,0,328,147
"Prevention and management of stunting",2021-02-07,31,67349,0,473,147
"Prevention and management of stunting",2021-02-14,31,67790,0,441,147
"Prevention and management of stunting",2021-02-21,31,68177,0,387,147
"Prevention and management of stunting",2021-02-28,31,68523,0,346,147
"Prevention and management of stunting",2021-03-07,31,68863,0,340,147
"Prevention and management of stunting",2021-03-14,31,69353,0,490,147
"Prevention and management of stunting",2021-03-21,31,69736,0,383,147
"Prevention and management of stunting",2021-03-28,31,70124,0,388,126
"Prevention and management of stunting",2021-04-04,31,70584,0,460,147
"Prevention and management of stunting",2021-04-11,31,71100,0,516,147
"Prevention and management of stunting",2021-04-18,31,71491,0,391,147
"Prevention and management of stunting",2021-04-25,31,72008,0,517,126
"Prevention and management of stunting",2021-05-02,31,72496,0,488,147
"Prevention and management of stunting",2021-05-09,31,72903,0,407,147
"Prevention and management of stunting",2021-05-16,31,73472,0,569,147
"Prevention and management of stunting",2021-05-23,31,73948,0,476,147
"Prevention and management of stunting",2021-05-30,31,74340,0,392,126
"Prevention and management of stunting",2021-06-06,31,74728,0,388,147
"Prevention and management of stunting",2021-06-13,31,75187,0,459,147
"Prevention and management of stunting",2021-06-20,31,75547,0,360,147
"Prevention and management of stunting",2021-06-27,31,75984,0,437,147
"Prevention and management of stunting",2021-07-04,31,76422,0,438,147
"Prevention and management of stunting",2021-07-11,31,76824,0,402,147
"Prevention and management of stunting",2021-07-18,31,77138,0,314,147
"Prevention and management of stunting",2021-07-25,31,77482,0,344,147
"Prevention and management of stunting",2021-08-01,31,77900,0,418,105
"Prevention and management of stunting",2021-09-26,31,80114,0,2214,84
"Prevention and management of stunting",2021-10-03,31,80559,0,445,147
"Prevention and management of stunting",2021-10-10,31,81020,0,461,147
"Prevention and management of stunting",2021-10-17,33,81054,2,34,21
"Prevention and management of stunting",2021-12-26,33,84317,0,3263,21
"Prevention and management of stunting",2022-01-02,33,86854,0,2537,147
"Prevention and management of stunting",2022-01-09,33,90465,0,3611,147
"Prevention and management of stunting",2022-01-16,33,94155,0,3690,147
"Prevention and management of stunting",2022-01-23,33,97705,0,3550,147
"Prevention and management of stunting",2022-01-30,33,101057,0,3352,147
"Prevention and management of stunting",2022-02-06,33,104727,0,3670,147
"Prevention and management of stunting",2022-02-13,33,108418,0,3691,147
"Prevention and management of stunting",2022-02-20,33,112075,0,3657,147
"Prevention and management of stunting",2022-02-27,33,115566,0,3491,142
"Prevention and management of stunting",2022-03-06,33,113346,0,-2220,140
"Prevention and management of stunting",2022-03-13,33,116659,0,3313,140
"Prevention and management of stunting",2022-03-20,33,120088,0,3429,140
"Prevention and management of stunting",2022-03-27,33,129923,0,9835,142
"Prevention and management of stunting",2022-04-03,33,133529,0,3606,147
"Prevention and management of stunting",2022-04-10,33,137141,0,3612,147
"Prevention and management of stunting",2022-04-17,33,139722,0,2581,126
"Prevention and management of stunting",2022-04-24,33,142968,0,3246,126
"Prevention and management of stunting",2022-05-01,31,136777,-2,-6191,140
"Prevention and management of stunting",2022-05-08,31,137051,0,274,140
"Prevention and management of stunting",2022-05-15,31,137387,0,336,140
"Prevention and management of stunting",2022-05-22,31,137681,0,294,140
"Prevention and management of stunting",2022-05-29,33,144678,2,6997,144
"Prevention and management of stunting",2022-06-05,33,145032,0,354,147
"Prevention and management of stunting",2022-06-12,33,145427,0,395,147
"Prevention and management of stunting",2022-06-19,33,145805,0,378,147
"Prevention and management of stunting",2022-06-26,33,146210,0,405,147
"Prevention and management of stunting",2022-07-03,33,146499,0,289,126
"Prevention and management of stunting",2022-07-10,33,146890,0,391,84
"Prevention and management of stunting",2022-07-17,33,147208,0,318,147
"Prevention and management of stunting",2022-07-24,33,147591,0,383,147
"Prevention and management of stunting",2022-07-31,33,147889,0,298,147
"Prevention and management of stunting",2022-08-07,33,148011,0,122,84
"Scaling Up Nutrition (SUN)",2020-12-27,112,187486,0,0,355
"Scaling Up Nutrition (SUN)",2021-01-03,112,188502,0,1016,350
"Scaling Up Nutrition (SUN)",2021-01-10,112,189871,0,1369,350
"Scaling Up Nutrition (SUN)",2021-01-17,112,190798,0,927,350
"Scaling Up Nutrition (SUN)",2021-01-24,112,191648,0,850,350
"Scaling Up Nutrition (SUN)",2021-01-31,112,192783,0,1135,356
"Scaling Up Nutrition (SUN)",2021-02-07,112,194064,0,1281,357
"Scaling Up Nutrition (SUN)",2021-02-14,112,195274,0,1210,357
"Scaling Up Nutrition (SUN)",2021-02-21,112,196207,0,933,357
"Scaling Up Nutrition (SUN)",2021-02-28,112,197200,0,993,363
"Scaling Up Nutrition (SUN)",2021-03-07,112,198087,0,887,364
"Scaling Up Nutrition (SUN)",2021-03-14,112,199390,0,1303,364
"Scaling Up Nutrition (SUN)",2021-03-21,112,200366,0,976,364
"Scaling Up Nutrition (SUN)",2021-03-28,112,201337,0,971,312
"Scaling Up Nutrition (SUN)",2021-04-04,112,202583,0,1246,364
"Scaling Up Nutrition (SUN)",2021-04-11,112,203941,0,1358,364
"Scaling Up Nutrition (SUN)",2021-04-18,112,205017,0,1076,364
"Scaling Up Nutrition (SUN)",2021-04-25,112,206281,0,1264,312
"Scaling Up Nutrition (SUN)",2021-05-02,112,207506,0,1225,364
"Scaling Up Nutrition (SUN)",2021-05-09,112,208664,0,1158,364
"Scaling Up Nutrition (SUN)",2021-05-16,112,209989,0,1325,364
"Scaling Up Nutrition (SUN)",2021-05-23,112,211198,0,1209,364
"Scaling Up Nutrition (SUN)",2021-05-30,112,212183,0,985,308
"Scaling Up Nutrition (SUN)",2021-06-06,109,210011,-3,-2172,357
"Scaling Up Nutrition (SUN)",2021-06-13,109,211208,0,1197,357
"Scaling Up Nutrition (SUN)",2021-06-20,109,212156,0,948,357
"Scaling Up Nutrition (SUN)",2021-06-27,109,213295,0,1139,357
"Scaling Up Nutrition (SUN)",2021-07-04,109,214466,0,1171,357
"Scaling Up Nutrition (SUN)",2021-07-11,109,215421,0,955,357
"Scaling Up Nutrition (SUN)",2021-07-18,109,216150,0,729,357
"Scaling Up Nutrition (SUN)",2021-07-25,109,217054,0,904,357
"Scaling Up Nutrition (SUN)",2021-08-01,112,221510,3,4456,260
"Scaling Up Nutrition (SUN)",2021-09-26,131,237109,19,15599,224
"Scaling Up Nutrition (SUN)",2021-10-03,131,238338,0,1229,392
"Scaling Up Nutrition (SUN)",2021-10-10,131,239579,0,1241,392
"Scaling Up Nutrition (SUN)",2021-10-17,131,239662,0,83,56
"Scaling Up Nutrition (SUN)",2021-12-26,132,249344,1,9682,56
"Scaling Up Nutrition (SUN)",2022-01-02,132,256174,0,6830,392
"Scaling Up Nutrition (SUN)",2022-01-09,132,265967,0,9793,392
"Scaling Up Nutrition (SUN)",2022-01-16,132,276092,0,10125,392
"Scaling Up Nutrition (SUN)",2022-01-23,132,285679,0,9587,392
"Scaling Up Nutrition (SUN)",2022-01-30,132,294812,0,9133,392
"Scaling Up Nutrition (SUN)",2022-02-06,132,304707,0,9895,392
"Scaling Up Nutrition (SUN)",2022-02-13,132,314633,0,9926,392
"Scaling Up Nutrition (SUN)",2022-02-20,132,324560,0,9927,392
"Scaling Up Nutrition (SUN)",2022-02-27,132,333948,0,9388,377
"Scaling Up Nutrition (SUN)",2022-03-06,131,324347,-1,-9601,371
"Scaling Up Nutrition (SUN)",2022-03-13,131,333304,0,8957,371
"Scaling Up Nutrition (SUN)",2022-03-20,131,342438,0,9134,371
"Scaling Up Nutrition (SUN)",2022-03-27,132,372715,1,30277,377
"Scaling Up Nutrition (SUN)",2022-04-03,132,382421,0,9706,392
"Scaling Up Nutrition (SUN)",2022-04-10,132,392308,0,9887,392
"Scaling Up Nutrition (SUN)",2022-04-17,132,399461,0,7153,336
"Scaling Up Nutrition (SUN)",2022-04-24,132,408381,0,8920,336
"Scaling Up Nutrition (SUN)",2022-05-01,132,409517,0,1136,392
"Scaling Up Nutrition (SUN)",2022-05-08,132,410497,0,980,392
"Scaling Up Nutrition (SUN)",2022-05-15,132,411452,0,955,392
"Scaling Up Nutrition (SUN)",2022-05-22,132,412463,0,1011,392
"Scaling Up Nutrition (SUN)",2022-05-29,137,413919,5,1456,384
"Scaling Up Nutrition (SUN)",2022-06-05,136,391874,-1,-22045,378
"Scaling Up Nutrition (SUN)",2022-06-12,136,393017,0,1143,378
"Scaling Up Nutrition (SUN)",2022-06-19,136,394057,0,1040,378
"Scaling Up Nutrition (SUN)",2022-06-26,137,418669,1,24612,368
"Scaling Up Nutrition (SUN)",2022-07-03,122,363580,-15,-55089,294
"Scaling Up Nutrition (SUN)",2022-07-10,122,364841,0,1261,196
"Scaling Up Nutrition (SUN)",2022-07-17,122,365692,0,851,343
"Scaling Up Nutrition (SUN)",2022-07-24,122,366836,0,1144,343
"Scaling Up Nutrition (SUN)",2022-07-31,137,424572,15,57736,391
"Scaling Up Nutrition (SUN)",2022-08-07,137,424960,0,388,228
"Simplified Approaches for the Management of Acute Malnutrition",2020-12-27,26,10059,0,0,77
"Simplified Approaches for the Management of Acute Malnutrition",2021-01-03,26,10346,0,287,77
"Simplified Approaches for the Management of Acute Malnutrition",2021-01-10,26,10644,0,298,77
"Simplified Approaches for the Management of Acute Malnutrition",2021-01-17,26,10859,0,215,77
"Simplified Approaches for the Management of Acute Malnutrition",2021-01-24,26,11063,0,204,77
"Simplified Approaches for the Management of Acute Malnutrition",2021-01-31,26,11234,0,171,71
"Simplified Approaches for the Management of Acute Malnutrition",2021-02-07,18,11136,-8,-98,70
"Simplified Approaches for the Management of Acute Malnutrition",2021-02-14,18,11389,0,253,70
"Simplified Approaches for the Management of Acute Malnutrition",2021-02-21,18,11623,0,234,70
"Simplified Approaches for the Management of Acute Malnutrition",2021-02-28,26,12278,8,655,76
"Simplified Approaches for the Management of Acute Malnutrition",2021-03-07,26,12495,0,217,77
"Simplified Approaches for the Management of Acute Malnutrition",2021-03-14,26,12755,0,260,77
"Simplified Approaches for the Management of Acute Malnutrition",2021-03-21,26,12961,0,206,77
"Simplified Approaches for the Management of Acute Malnutrition",2021-03-28,26,13174,0,213,66
"Simplified Approaches for the Management of Acute Malnutrition",2021-04-04,26,13463,0,289,77
"Simplified Approaches for the Management of Acute Malnutrition",2021-04-11,26,13758,0,295,77
"Simplified Approaches for the Management of Acute Malnutrition",2021-04-18,26,13960,0,202,77
"Simplified Approaches for the Management of Acute Malnutrition",2021-04-25,29,14473,3,513,66
"Simplified Approaches for the Management of Acute Malnutrition",2021-05-02,28,13381,-1,-1092,77
"Simplified Approaches for the Management of Acute Malnutrition",2021-05-09,28,13640,0,259,77
"Simplified Approaches for the Management of Acute Malnutrition",2021-05-16,28,13979,0,339,77
"Simplified Approaches for the Management of Acute Malnutrition",2021-05-23,28,14266,0,287,77
"Simplified Approaches for the Management of Acute Malnutrition",2021-05-30,30,16264,2,1998,74
"Simplified Approaches for the Management of Acute Malnutrition",2021-06-06,26,15260,-4,-1004,91
"Simplified Approaches for the Management of Acute Malnutrition",2021-06-13,26,15567,0,307,91
"Simplified Approaches for the Management of Acute Malnutrition",2021-06-20,26,15802,0,235,91
"Simplified Approaches for the Management of Acute Malnutrition",2021-06-27,28,16359,2,557,91
"Simplified Approaches for the Management of Acute Malnutrition",2021-07-04,28,16445,0,86,91
"Simplified Approaches for the Management of Acute Malnutrition",2021-07-11,28,16809,0,364,91
"Simplified Approaches for the Management of Acute Malnutrition",2021-07-18,28,17037,0,228,91
"Simplified Approaches for the Management of Acute Malnutrition",2021-07-25,28,17338,0,301,91
"Simplified Approaches for the Management of Acute Malnutrition",2021-08-01,33,19428,5,2090,75
"Simplified Approaches for the Management of Acute Malnutrition",2021-09-26,33,21643,0,2215,68
"Simplified Approaches for the Management of Acute Malnutrition",2021-10-03,33,22094,0,451,119
"Simplified Approaches for the Management of Acute Malnutrition",2021-10-10,33,22497,0,403,119
"Simplified Approaches for the Management of Acute Malnutrition",2021-10-17,33,22521,0,24,17
"Simplified Approaches for the Management of Acute Malnutrition",2021-12-26,37,25689,4,3168,17
"Simplified Approaches for the Management of Acute Malnutrition",2022-01-02,37,27780,0,2091,119
"Simplified Approaches for the Management of Acute Malnutrition",2022-01-09,37,30659,0,2879,119
"Simplified Approaches for the Management of Acute Malnutrition",2022-01-16,37,33686,0,3027,119
"Simplified Approaches for the Management of Acute Malnutrition",2022-01-23,37,36611,0,2925,119
"Simplified Approaches for the Management of Acute Malnutrition",2022-01-30,39,40415,2,3804,119
"Simplified Approaches for the Management of Acute Malnutrition",2022-02-06,36,42263,-3,1848,119
"Simplified Approaches for the Management of Acute Malnutrition",2022-02-13,36,45316,0,3053,119
"Simplified Approaches for the Management of Acute Malnutrition",2022-02-20,36,48320,0,3004,119
"Simplified Approaches for the Management of Acute Malnutrition",2022-02-27,39,53231,3,4911,124
"Simplified Approaches for the Management of Acute Malnutrition",2022-03-06,39,56334,0,3103,126
"Simplified Approaches for the Management of Acute Malnutrition",2022-03-13,39,59305,0,2971,126
"Simplified Approaches for the Management of Acute Malnutrition",2022-03-20,39,62390,0,3085,126
"Simplified Approaches for the Management of Acute Malnutrition",2022-03-27,39,65437,0,3047,126
"Simplified Approaches for the Management of Acute Malnutrition",2022-04-03,39,68591,0,3154,126
"Simplified Approaches for the Management of Acute Malnutrition",2022-04-10,39,71718,0,3127,126
"Simplified Approaches for the Management of Acute Malnutrition",2022-04-17,39,73970,0,2252,108
"Simplified Approaches for the Management of Acute Malnutrition",2022-04-24,39,76791,0,2821,108
"Simplified Approaches for the Management of Acute Malnutrition",2022-05-01,39,77224,0,433,126
"Simplified Approaches for the Management of Acute Malnutrition",2022-05-08,39,77520,0,296,126
"Simplified Approaches for the Management of Acute Malnutrition",2022-05-15,39,77814,0,294,126
"Simplified Approaches for the Management of Acute Malnutrition",2022-05-22,39,78063,0,249,126
"Simplified Approaches for the Management of Acute Malnutrition",2022-05-29,39,78540,0,477,130
"Simplified Approaches for the Management of Acute Malnutrition",2022-06-05,39,78862,0,322,133
"Simplified Approaches for the Management of Acute Malnutrition",2022-06-12,39,79252,0,390,133
"Simplified Approaches for the Management of Acute Malnutrition",2022-06-19,41,79594,2,342,133
"Simplified Approaches for the Management of Acute Malnutrition",2022-06-26,40,79982,-1,388,131
"Simplified Approaches for the Management of Acute Malnutrition",2022-07-03,41,75960,1,-4022,108
"Simplified Approaches for the Management of Acute Malnutrition",2022-07-10,41,76386,0,426,72
"Simplified Approaches for the Management of Acute Malnutrition",2022-07-17,41,76701,0,315,126
"Simplified Approaches for the Management of Acute Malnutrition",2022-07-24,41,77165,0,464,126
"Simplified Approaches for the Management of Acute Malnutrition",2022-07-31,42,81938,1,4773,132
"Simplified Approaches for the Management of Acute Malnutrition",2022-08-07,42,82058,0,120,76
"Upcoming trainings",2020-12-27,190,381018,0,0,644
"Upcoming trainings",2021-01-03,190,383302,0,2284,644
"Upcoming trainings",2021-01-10,190,385707,0,2405,644
"Upcoming trainings",2021-01-17,190,387312,0,1605,644
"Upcoming trainings",2021-01-24,190,388832,0,1520,644
"Upcoming trainings",2021-01-31,193,390701,3,1869,650
"Upcoming trainings",2021-02-07,193,392842,0,2141,651
"Upcoming trainings",2021-02-14,193,395105,0,2263,651
"Upcoming trainings",2021-02-21,193,396685,0,1580,651
"Upcoming trainings",2021-02-28,197,398587,4,1902,651
"Upcoming trainings",2021-03-07,197,398353,0,-234,651
"Upcoming trainings",2021-03-14,197,400671,0,2318,651
"Upcoming trainings",2021-03-21,197,402334,0,1663,651
"Upcoming trainings",2021-03-28,197,406022,0,3688,564
"Upcoming trainings",2021-04-04,197,408079,0,2057,665
"Upcoming trainings",2021-04-11,197,410469,0,2390,665
"Upcoming trainings",2021-04-18,197,412345,0,1876,665
"Upcoming trainings",2021-04-25,197,414967,0,2622,572
"Upcoming trainings",2021-05-02,197,417113,0,2146,679
"Upcoming trainings",2021-05-09,197,418934,0,1821,679
"Upcoming trainings",2021-05-16,197,421523,0,2589,679
"Upcoming trainings",2021-05-23,197,423632,0,2109,679
"Upcoming trainings",2021-05-30,197,425338,0,1706,582
"Upcoming trainings",2021-06-06,197,427125,0,1787,679
"Upcoming trainings",2021-06-13,197,429316,0,2191,679
"Upcoming trainings",2021-06-20,197,431003,0,1687,679
"Upcoming trainings",2021-06-27,197,433456,0,2453,685
"Upcoming trainings",2021-07-04,195,434724,-2,1268,693
"Upcoming trainings",2021-07-11,195,436549,0,1825,693
"Upcoming trainings",2021-07-18,195,437889,0,1340,693
"Upcoming trainings",2021-07-25,195,439514,0,1625,693
"Upcoming trainings",2021-08-01,199,442977,4,3463,505
"Upcoming trainings",2021-09-26,200,453588,1,10611,404
"Upcoming trainings",2021-10-03,200,455705,0,2117,707
"Upcoming trainings",2021-10-10,200,457826,0,2121,707
"Upcoming trainings",2021-10-17,200,457973,0,147,101
"Upcoming trainings",2021-12-26,247,476079,47,18106,103
"Upcoming trainings",2022-01-02,247,488639,0,12560,721
"Upcoming trainings",2022-01-09,247,506446,0,17807,721
"Upcoming trainings",2022-01-16,247,524687,0,18241,721
"Upcoming trainings",2022-01-23,247,542199,0,17512,721
"Upcoming trainings",2022-01-30,247,557944,0,15745,676
"Upcoming trainings",2022-02-06,234,524884,-13,-33060,658
"Upcoming trainings",2022-02-13,234,541570,0,16686,658
"Upcoming trainings",2022-02-20,236,558235,2,16665,658
"Upcoming trainings",2022-02-27,254,632284,18,74049,708
"Upcoming trainings",2022-03-06,254,650011,0,17727,728
"Upcoming trainings",2022-03-13,254,667242,0,17231,728
"Upcoming trainings",2022-03-20,254,685040,0,17798,728
"Upcoming trainings",2022-03-27,254,703667,0,18627,728
"Upcoming trainings",2022-04-03,249,711898,-5,8231,728
"Upcoming trainings",2022-04-10,249,729892,0,17994,728
"Upcoming trainings",2022-04-17,249,742722,0,12830,624
"Upcoming trainings",2022-04-24,249,758969,0,16247,624
"Upcoming trainings",2022-05-01,254,772580,5,13611,749
"Upcoming trainings",2022-05-08,254,774447,0,1867,749
"Upcoming trainings",2022-05-15,254,776380,0,1933,749
"Upcoming trainings",2022-05-22,254,778004,0,1624,749
"Upcoming trainings",2022-05-29,254,779992,0,1988,741
"Upcoming trainings",2022-06-05,254,768711,0,-11281,735
"Upcoming trainings",2022-06-12,254,770740,0,2029,735
"Upcoming trainings",2022-06-19,254,772598,0,1858,735
"Upcoming trainings",2022-06-26,254,787970,0,15372,719
"Upcoming trainings",2022-07-03,254,716958,0,-71012,582
"Upcoming trainings",2022-07-10,254,718986,0,2028,388
"Upcoming trainings",2022-07-17,254,720472,0,1486,679
"Upcoming trainings",2022-07-24,254,722481,0,2009,679
"Upcoming trainings",2022-07-31,255,797415,1,74934,715
"Upcoming trainings",2022-08-07,242,776473,-13,-20942,412
