"Theme","Extraction Date","Replies","Views","New Replies","New Views","nPosts"
"Adolescent nutrition",2020-12-27,19,23059,0,0,13
"Adolescent nutrition",2020-12-28,19,23084,0,25,13
"Adolescent nutrition",2020-12-29,19,23125,0,41,13
"Adolescent nutrition",2020-12-30,19,23177,0,52,13
"Adolescent nutrition",2020-12-31,19,23249,0,72,13
"Adolescent nutrition",2021-01-01,19,23275,0,26,13
"Adolescent nutrition",2021-01-02,19,23301,0,26,13
"Adolescent nutrition",2021-01-03,19,23325,0,24,13
"Adolescent nutrition",2021-01-04,19,23348,0,23,13
"Adolescent nutrition",2021-01-05,19,23385,0,37,13
"Adolescent nutrition",2021-01-06,19,23409,0,24,13
"Adolescent nutrition",2021-01-07,19,23465,0,56,13
"Adolescent nutrition",2021-01-08,19,23541,0,76,13
"Adolescent nutrition",2021-01-09,19,23587,0,46,13
"Adolescent nutrition",2021-01-10,19,23624,0,37,13
"Adolescent nutrition",2021-01-11,19,23674,0,50,13
"Adolescent nutrition",2021-01-12,19,23722,0,48,13
"Adolescent nutrition",2021-01-13,19,23791,0,69,13
"Adolescent nutrition",2021-01-14,19,23825,0,34,13
"Adolescent nutrition",2021-01-15,19,23883,0,58,13
"Adolescent nutrition",2021-01-16,19,23909,0,26,13
"Adolescent nutrition",2021-01-17,19,23940,0,31,13
"Adolescent nutrition",2021-01-18,19,23976,0,36,13
"Adolescent nutrition",2021-01-19,19,24022,0,46,13
"Adolescent nutrition",2021-01-20,19,24067,0,45,13
"Adolescent nutrition",2021-01-21,19,24090,0,23,13
"Adolescent nutrition",2021-01-22,19,24112,0,22,13
"Adolescent nutrition",2021-01-23,19,24139,0,27,13
"Adolescent nutrition",2021-01-24,19,24178,0,39,13
"Adolescent nutrition",2021-01-25,19,24206,0,28,13
"Adolescent nutrition",2021-01-26,19,24260,0,54,13
"Adolescent nutrition",2021-01-27,19,24296,0,36,13
"Adolescent nutrition",2021-01-28,19,24337,0,41,13
"Adolescent nutrition",2021-01-29,19,24363,0,26,13
"Adolescent nutrition",2021-01-30,19,24388,0,25,13
"Adolescent nutrition",2021-01-31,19,24417,0,29,13
"Adolescent nutrition",2021-02-01,19,24438,0,21,13
"Adolescent nutrition",2021-02-02,19,24462,0,24,13
"Adolescent nutrition",2021-02-03,19,24492,0,30,13
"Adolescent nutrition",2021-02-04,19,24530,0,38,13
"Adolescent nutrition",2021-02-05,19,24575,0,45,13
"Adolescent nutrition",2021-02-06,19,24611,0,36,13
"Adolescent nutrition",2021-02-07,19,24657,0,46,13
"Adolescent nutrition",2021-02-08,19,24755,0,98,13
"Adolescent nutrition",2021-02-09,19,24783,0,28,13
"Adolescent nutrition",2021-02-10,19,24818,0,35,13
"Adolescent nutrition",2021-02-11,19,24862,0,44,13
"Adolescent nutrition",2021-02-12,19,24915,0,53,13
"Adolescent nutrition",2021-02-13,19,24953,0,38,13
"Adolescent nutrition",2021-02-14,19,24983,0,30,13
"Adolescent nutrition",2021-02-15,19,25030,0,47,13
"Adolescent nutrition",2021-02-16,19,25065,0,35,13
"Adolescent nutrition",2021-02-17,19,25134,0,69,13
"Adolescent nutrition",2021-02-18,19,25181,0,47,13
"Adolescent nutrition",2021-02-19,19,25213,0,32,13
"Adolescent nutrition",2021-02-20,19,25285,0,72,13
"Adolescent nutrition",2021-02-21,19,25324,0,39,13
"Adolescent nutrition",2021-02-22,19,25354,0,30,13
"Adolescent nutrition",2021-02-23,19,25411,0,57,13
"Adolescent nutrition",2021-02-24,19,25444,0,33,13
"Adolescent nutrition",2021-02-25,19,25482,0,38,13
"Adolescent nutrition",2021-02-26,19,25510,0,28,13
"Adolescent nutrition",2021-02-27,19,25526,0,16,13
"Adolescent nutrition",2021-02-28,19,25545,0,19,13
"Adolescent nutrition",2021-03-01,19,25749,0,204,14
"Adolescent nutrition",2021-03-02,19,25813,0,64,14
"Adolescent nutrition",2021-03-03,19,25844,0,31,14
"Adolescent nutrition",2021-03-04,19,25881,0,37,14
"Adolescent nutrition",2021-03-05,19,25911,0,30,14
"Adolescent nutrition",2021-03-06,19,25949,0,38,14
"Adolescent nutrition",2021-03-07,19,25980,0,31,14
"Adolescent nutrition",2021-03-08,19,26016,0,36,14
"Adolescent nutrition",2021-03-09,19,26049,0,33,14
"Announcements & Nutritionists needed",2020-12-27,0,4708284,0,0,1241
"Announcements & Nutritionists needed",2020-12-28,0,4710740,0,2456,1241
"Announcements & Nutritionists needed",2020-12-29,0,4713491,0,2751,1241
"Announcements & Nutritionists needed",2020-12-30,0,4718351,0,4860,1241
"Announcements & Nutritionists needed",2020-12-31,0,4722416,0,4065,1241
"Announcements & Nutritionists needed",2021-01-01,0,4721181,0,-1235,1236
"Announcements & Nutritionists needed",2021-01-02,0,4723409,0,2228,1236
"Announcements & Nutritionists needed",2021-01-03,0,4725885,0,2476,1236
"Announcements & Nutritionists needed",2021-01-04,0,4728169,0,2284,1236
"Announcements & Nutritionists needed",2021-01-05,0,4730561,0,2392,1236
"Announcements & Nutritionists needed",2021-01-06,0,4733839,0,3278,1236
"Announcements & Nutritionists needed",2021-01-07,0,4742230,0,8391,1236
"Announcements & Nutritionists needed",2021-01-08,0,4748832,0,6602,1236
"Announcements & Nutritionists needed",2021-01-09,0,4753868,0,5036,1236
"Announcements & Nutritionists needed",2021-01-10,0,4758629,0,4761,1236
"Announcements & Nutritionists needed",2021-01-11,0,4762730,0,4101,1236
"Announcements & Nutritionists needed",2021-01-12,0,4767299,0,4569,1236
"Announcements & Nutritionists needed",2021-01-13,0,4771349,0,4050,1236
"Announcements & Nutritionists needed",2021-01-14,0,4775325,0,3976,1236
"Announcements & Nutritionists needed",2021-01-15,0,4778205,0,2880,1236
"Announcements & Nutritionists needed",2021-01-16,0,4780824,0,2619,1236
"Announcements & Nutritionists needed",2021-01-17,0,4783259,0,2435,1236
"Announcements & Nutritionists needed",2021-01-18,0,4787921,0,4662,1236
"Announcements & Nutritionists needed",2021-01-19,0,4791306,0,3385,1236
"Announcements & Nutritionists needed",2021-01-20,0,4795143,0,3837,1236
"Announcements & Nutritionists needed",2021-01-21,0,4797556,0,2413,1236
"Announcements & Nutritionists needed",2021-01-22,0,4801265,0,3709,1236
"Announcements & Nutritionists needed",2021-01-23,0,4803863,0,2598,1236
"Announcements & Nutritionists needed",2021-01-24,0,4806277,0,2414,1236
"Announcements & Nutritionists needed",2021-01-25,0,4808733,0,2456,1236
"Announcements & Nutritionists needed",2021-01-26,0,4812648,0,3915,1236
"Announcements & Nutritionists needed",2021-01-27,0,4816563,0,3915,1236
"Announcements & Nutritionists needed",2021-01-28,0,4819028,0,2465,1236
"Announcements & Nutritionists needed",2021-01-29,0,4821586,0,2558,1236
"Announcements & Nutritionists needed",2021-01-30,0,4824166,0,2580,1236
"Announcements & Nutritionists needed",2021-01-31,0,4826820,0,2654,1236
"Announcements & Nutritionists needed",2021-02-01,0,4835828,0,9008,1246
"Announcements & Nutritionists needed",2021-02-02,0,4838183,0,2355,1246
"Announcements & Nutritionists needed",2021-02-03,0,4841160,0,2977,1246
"Announcements & Nutritionists needed",2021-02-04,0,4843634,0,2474,1246
"Announcements & Nutritionists needed",2021-02-05,0,4847005,0,3371,1246
"Announcements & Nutritionists needed",2021-02-06,0,4850145,0,3140,1246
"Announcements & Nutritionists needed",2021-02-07,0,4854493,0,4348,1246
"Announcements & Nutritionists needed",2021-02-08,0,4860324,0,5831,1246
"Announcements & Nutritionists needed",2021-02-09,0,4863363,0,3039,1246
"Announcements & Nutritionists needed",2021-02-10,0,4866464,0,3101,1246
"Announcements & Nutritionists needed",2021-02-11,0,4870025,0,3561,1246
"Announcements & Nutritionists needed",2021-02-12,0,4874435,0,4410,1246
"Announcements & Nutritionists needed",2021-02-13,0,4878165,0,3730,1246
"Announcements & Nutritionists needed",2021-02-14,0,4882645,0,4480,1246
"Announcements & Nutritionists needed",2021-02-15,0,4888136,0,5491,1246
"Announcements & Nutritionists needed",2021-02-16,0,4890988,0,2852,1246
"Announcements & Nutritionists needed",2021-02-17,0,4896730,0,5742,1246
"Announcements & Nutritionists needed",2021-02-18,0,4901236,0,4506,1246
"Announcements & Nutritionists needed",2021-02-19,0,4905282,0,4046,1246
"Announcements & Nutritionists needed",2021-02-20,0,4911305,0,6023,1246
"Announcements & Nutritionists needed",2021-02-21,0,4915319,0,4014,1246
"Announcements & Nutritionists needed",2021-02-22,0,4918150,0,2831,1246
"Announcements & Nutritionists needed",2021-02-23,0,4922157,0,4007,1246
"Announcements & Nutritionists needed",2021-02-24,0,4925049,0,2892,1246
"Announcements & Nutritionists needed",2021-02-25,0,4928937,0,3888,1246
"Announcements & Nutritionists needed",2021-02-26,0,4931613,0,2676,1246
"Announcements & Nutritionists needed",2021-02-27,0,4933499,0,1886,1246
"Announcements & Nutritionists needed",2021-02-28,0,4936011,0,2512,1246
"Announcements & Nutritionists needed",2021-03-01,0,4938515,0,2504,1255
"Announcements & Nutritionists needed",2021-03-02,0,4943637,0,5122,1255
"Announcements & Nutritionists needed",2021-03-03,0,4947002,0,3365,1255
"Announcements & Nutritionists needed",2021-03-04,0,4950152,0,3150,1255
"Announcements & Nutritionists needed",2021-03-05,0,4953659,0,3507,1255
"Announcements & Nutritionists needed",2021-03-06,0,4958803,0,5144,1255
"Announcements & Nutritionists needed",2021-03-07,0,4961908,0,3105,1255
"Announcements & Nutritionists needed",2021-03-08,0,4964532,0,2624,1255
"Announcements & Nutritionists needed",2021-03-09,0,4967143,0,2611,1255
"Assessment and Surveillance",2020-12-27,2097,2388826,0,0,456
"Assessment and Surveillance",2020-12-28,2097,2389949,0,1123,456
"Assessment and Surveillance",2020-12-29,2097,2391143,0,1194,456
"Assessment and Surveillance",2020-12-30,2097,2393233,0,2090,456
"Assessment and Surveillance",2020-12-31,2097,2395162,0,1929,456
"Assessment and Surveillance",2021-01-01,2096,2395083,-1,-79,455
"Assessment and Surveillance",2021-01-02,2096,2396087,0,1004,455
"Assessment and Surveillance",2021-01-03,2096,2397186,0,1099,455
"Assessment and Surveillance",2021-01-04,2096,2398238,0,1052,455
"Assessment and Surveillance",2021-01-05,2096,2399369,0,1131,455
"Assessment and Surveillance",2021-01-06,2096,2400889,0,1520,455
"Assessment and Surveillance",2021-01-07,2096,2403502,0,2613,455
"Assessment and Surveillance",2021-01-08,2096,2406653,0,3151,455
"Assessment and Surveillance",2021-01-09,2096,2408734,0,2081,455
"Assessment and Surveillance",2021-01-10,2096,2410807,0,2073,455
"Assessment and Surveillance",2021-01-11,2096,2412608,0,1801,455
"Assessment and Surveillance",2021-01-12,2096,2414663,0,2055,455
"Assessment and Surveillance",2021-01-13,2096,2416665,0,2002,455
"Assessment and Surveillance",2021-01-14,2096,2418408,0,1743,455
"Assessment and Surveillance",2021-01-15,2096,2419998,0,1590,455
"Assessment and Surveillance",2021-01-16,2096,2421252,0,1254,455
"Assessment and Surveillance",2021-01-17,2096,2422527,0,1275,455
"Assessment and Surveillance",2021-01-18,2096,2425006,0,2479,455
"Assessment and Surveillance",2021-01-19,2096,2427233,0,2227,455
"Assessment and Surveillance",2021-01-20,2096,2429546,0,2313,455
"Assessment and Surveillance",2021-01-21,2099,2430768,3,1222,455
"Assessment and Surveillance",2021-01-22,2100,2432189,1,1421,455
"Assessment and Surveillance",2021-01-23,2100,2433349,0,1160,455
"Assessment and Surveillance",2021-01-24,2100,2434388,0,1039,455
"Assessment and Surveillance",2021-01-25,2100,2435588,0,1200,455
"Assessment and Surveillance",2021-01-26,2100,2437411,0,1823,455
"Assessment and Surveillance",2021-01-27,2100,2438932,0,1521,455
"Assessment and Surveillance",2021-01-28,2100,2440216,0,1284,455
"Assessment and Surveillance",2021-01-29,2100,2441433,0,1217,455
"Assessment and Surveillance",2021-01-30,2100,2442650,0,1217,455
"Assessment and Surveillance",2021-01-31,2100,2443913,0,1263,455
"Assessment and Surveillance",2021-02-01,2109,2444836,9,923,457
"Assessment and Surveillance",2021-02-02,2109,2445872,0,1036,457
"Assessment and Surveillance",2021-02-03,2109,2447261,0,1389,457
"Assessment and Surveillance",2021-02-04,2109,2448463,0,1202,457
"Assessment and Surveillance",2021-02-05,2109,2450131,0,1668,457
"Assessment and Surveillance",2021-02-06,2109,2451614,0,1483,457
"Assessment and Surveillance",2021-02-07,2109,2453279,0,1665,457
"Assessment and Surveillance",2021-02-08,2109,2456778,0,3499,457
"Assessment and Surveillance",2021-02-09,2109,2458284,0,1506,457
"Assessment and Surveillance",2021-02-10,2109,2459711,0,1427,457
"Assessment and Surveillance",2021-02-11,2109,2461407,0,1696,457
"Assessment and Surveillance",2021-02-12,2110,2463161,1,1754,457
"Assessment and Surveillance",2021-02-13,2110,2465130,0,1969,457
"Assessment and Surveillance",2021-02-14,2111,2467111,1,1981,457
"Assessment and Surveillance",2021-02-15,2111,2469273,0,2162,457
"Assessment and Surveillance",2021-02-16,2111,2470487,0,1214,457
"Assessment and Surveillance",2021-02-17,2111,2472361,0,1874,457
"Assessment and Surveillance",2021-02-18,2111,2474146,0,1785,457
"Assessment and Surveillance",2021-02-19,2111,2475872,0,1726,457
"Assessment and Surveillance",2021-02-20,2111,2478022,0,2150,457
"Assessment and Surveillance",2021-02-21,2111,2480257,0,2235,457
"Assessment and Surveillance",2021-02-22,2111,2481886,0,1629,457
"Assessment and Surveillance",2021-02-23,2111,2484231,0,2345,457
"Assessment and Surveillance",2021-02-24,2111,2485597,0,1366,457
"Assessment and Surveillance",2021-02-25,2111,2486957,0,1360,457
"Assessment and Surveillance",2021-02-26,2111,2488270,0,1313,457
"Assessment and Surveillance",2021-02-27,2111,2489180,0,910,457
"Assessment and Surveillance",2021-02-28,2111,2490275,0,1095,457
"Assessment and Surveillance",2021-03-01,2114,2493747,3,3472,459
"Assessment and Surveillance",2021-03-02,2114,2495861,0,2114,459
"Assessment and Surveillance",2021-03-03,2114,2497157,0,1296,459
"Assessment and Surveillance",2021-03-04,2114,2498302,0,1145,459
"Assessment and Surveillance",2021-03-05,2114,2499316,0,1014,459
"Assessment and Surveillance",2021-03-06,2114,2500387,0,1071,459
"Assessment and Surveillance",2021-03-07,2115,2502063,1,1676,459
"Assessment and Surveillance",2021-03-08,2115,2503467,0,1404,459
"Assessment and Surveillance",2021-03-09,2115,2504625,0,1158,459
"Coverage assessment",2020-12-27,328,524927,0,0,93
"Coverage assessment",2020-12-28,328,525437,0,510,93
"Coverage assessment",2020-12-29,328,525862,0,425,93
"Coverage assessment",2020-12-30,328,526637,0,775,93
"Coverage assessment",2020-12-31,328,527617,0,980,93
"Coverage assessment",2021-01-01,328,528425,0,808,93
"Coverage assessment",2021-01-02,328,528897,0,472,93
"Coverage assessment",2021-01-03,328,535580,0,6683,93
"Coverage assessment",2021-01-04,328,536382,0,802,93
"Coverage assessment",2021-01-05,328,536969,0,587,93
"Coverage assessment",2021-01-06,328,537569,0,600,93
"Coverage assessment",2021-01-07,328,538512,0,943,93
"Coverage assessment",2021-01-08,328,539648,0,1136,93
"Coverage assessment",2021-01-09,328,540465,0,817,93
"Coverage assessment",2021-01-10,328,541345,0,880,93
"Coverage assessment",2021-01-11,328,542099,0,754,93
"Coverage assessment",2021-01-12,328,542875,0,776,93
"Coverage assessment",2021-01-13,328,544146,0,1271,93
"Coverage assessment",2021-01-14,328,544684,0,538,93
"Coverage assessment",2021-01-15,328,547625,0,2941,93
"Coverage assessment",2021-01-16,328,557016,0,9391,93
"Coverage assessment",2021-01-17,328,561790,0,4774,93
"Coverage assessment",2021-01-18,328,578165,0,16375,93
"Coverage assessment",2021-01-19,328,582817,0,4652,93
"Coverage assessment",2021-01-20,328,594849,0,12032,93
"Coverage assessment",2021-01-21,328,599918,0,5069,93
"Coverage assessment",2021-01-22,328,600797,0,879,93
"Coverage assessment",2021-01-23,328,601418,0,621,93
"Coverage assessment",2021-01-24,328,602109,0,691,93
"Coverage assessment",2021-01-25,328,602689,0,580,93
"Coverage assessment",2021-01-26,328,603426,0,737,93
"Coverage assessment",2021-01-27,328,604153,0,727,93
"Coverage assessment",2021-01-28,328,604992,0,839,93
"Coverage assessment",2021-01-29,328,605494,0,502,93
"Coverage assessment",2021-01-30,328,606321,0,827,93
"Coverage assessment",2021-01-31,328,606992,0,671,93
"Coverage assessment",2021-02-01,321,589538,-7,-17454,91
"Coverage assessment",2021-02-02,321,590862,0,1324,91
"Coverage assessment",2021-02-03,321,598554,0,7692,91
"Coverage assessment",2021-02-04,321,599928,0,1374,91
"Coverage assessment",2021-02-05,321,600459,0,531,91
"Coverage assessment",2021-02-06,321,601210,0,751,91
"Coverage assessment",2021-02-07,321,602117,0,907,91
"Coverage assessment",2021-02-08,321,602901,0,784,91
"Coverage assessment",2021-02-09,321,603718,0,817,91
"Coverage assessment",2021-02-10,321,604362,0,644,91
"Coverage assessment",2021-02-11,321,605056,0,694,91
"Coverage assessment",2021-02-12,321,605877,0,821,91
"Coverage assessment",2021-02-13,321,606617,0,740,91
"Coverage assessment",2021-02-14,321,607332,0,715,91
"Coverage assessment",2021-02-15,321,607963,0,631,91
"Coverage assessment",2021-02-16,321,608961,0,998,91
"Coverage assessment",2021-02-17,321,609701,0,740,91
"Coverage assessment",2021-02-18,321,610476,0,775,91
"Coverage assessment",2021-02-19,321,611155,0,679,91
"Coverage assessment",2021-02-20,321,612194,0,1039,91
"Coverage assessment",2021-02-21,321,613016,0,822,91
"Coverage assessment",2021-02-22,321,613598,0,582,91
"Coverage assessment",2021-02-23,321,614519,0,921,91
"Coverage assessment",2021-02-24,321,615274,0,755,91
"Coverage assessment",2021-02-25,321,615703,0,429,91
"Coverage assessment",2021-02-26,321,616503,0,800,91
"Coverage assessment",2021-02-27,321,617261,0,758,91
"Coverage assessment",2021-02-28,321,618069,0,808,91
"Coverage assessment",2021-03-01,330,639228,9,21159,94
"Coverage assessment",2021-03-02,330,640392,0,1164,94
"Coverage assessment",2021-03-03,330,641268,0,876,94
"Coverage assessment",2021-03-04,330,642086,0,818,94
"Coverage assessment",2021-03-05,330,642697,0,611,94
"Coverage assessment",2021-03-06,330,643742,0,1045,94
"Coverage assessment",2021-03-07,330,644548,0,806,94
"Coverage assessment",2021-03-08,330,645101,0,553,94
"Coverage assessment",2021-03-09,330,646425,0,1324,94
"COVID-19 and nutrition programming",2020-12-27,131,65878,0,0,84
"COVID-19 and nutrition programming",2020-12-28,131,66088,0,210,84
"COVID-19 and nutrition programming",2020-12-29,131,66308,0,220,84
"COVID-19 and nutrition programming",2020-12-30,131,66739,0,431,84
"COVID-19 and nutrition programming",2020-12-31,131,67147,0,408,84
"COVID-19 and nutrition programming",2021-01-01,131,67335,0,188,84
"COVID-19 and nutrition programming",2021-01-02,131,67544,0,209,84
"COVID-19 and nutrition programming",2021-01-03,131,67744,0,200,84
"COVID-19 and nutrition programming",2021-01-04,131,67935,0,191,84
"COVID-19 and nutrition programming",2021-01-05,131,68143,0,208,84
"COVID-19 and nutrition programming",2021-01-06,131,68420,0,277,84
"COVID-19 and nutrition programming",2021-01-07,131,68859,0,439,84
"COVID-19 and nutrition programming",2021-01-08,131,69320,0,461,84
"COVID-19 and nutrition programming",2021-01-09,131,69646,0,326,84
"COVID-19 and nutrition programming",2021-01-10,131,69978,0,332,84
"COVID-19 and nutrition programming",2021-01-11,131,70266,0,288,84
"COVID-19 and nutrition programming",2021-01-12,131,70573,0,307,84
"COVID-19 and nutrition programming",2021-01-13,131,71005,0,432,84
"COVID-19 and nutrition programming",2021-01-14,131,71329,0,324,84
"COVID-19 and nutrition programming",2021-01-15,131,71771,0,442,84
"COVID-19 and nutrition programming",2021-01-16,131,71967,0,196,84
"COVID-19 and nutrition programming",2021-01-17,131,72184,0,217,84
"COVID-19 and nutrition programming",2021-01-18,131,72430,0,246,84
"COVID-19 and nutrition programming",2021-01-19,131,72766,0,336,84
"COVID-19 and nutrition programming",2021-01-20,131,73157,0,391,84
"COVID-19 and nutrition programming",2021-01-21,131,73333,0,176,84
"COVID-19 and nutrition programming",2021-01-22,131,73546,0,213,84
"COVID-19 and nutrition programming",2021-01-23,131,73748,0,202,84
"COVID-19 and nutrition programming",2021-01-24,131,73989,0,241,84
"COVID-19 and nutrition programming",2021-01-25,131,74267,0,278,84
"COVID-19 and nutrition programming",2021-01-26,131,74450,0,183,84
"COVID-19 and nutrition programming",2021-01-27,131,74687,0,237,84
"COVID-19 and nutrition programming",2021-01-28,131,74897,0,210,84
"COVID-19 and nutrition programming",2021-01-29,131,75111,0,214,84
"COVID-19 and nutrition programming",2021-01-30,131,75335,0,224,84
"COVID-19 and nutrition programming",2021-01-31,131,75536,0,201,84
"COVID-19 and nutrition programming",2021-02-01,131,74747,0,-789,84
"COVID-19 and nutrition programming",2021-02-02,131,74893,0,146,84
"COVID-19 and nutrition programming",2021-02-03,134,75146,3,253,84
"COVID-19 and nutrition programming",2021-02-04,134,75355,0,209,84
"COVID-19 and nutrition programming",2021-02-05,134,75566,0,211,84
"COVID-19 and nutrition programming",2021-02-06,134,75781,0,215,84
"COVID-19 and nutrition programming",2021-02-07,134,76079,0,298,84
"COVID-19 and nutrition programming",2021-02-08,134,76681,0,602,84
"COVID-19 and nutrition programming",2021-02-09,134,76921,0,240,84
"COVID-19 and nutrition programming",2021-02-10,134,77167,0,246,84
"COVID-19 and nutrition programming",2021-02-11,134,77462,0,295,84
"COVID-19 and nutrition programming",2021-02-12,134,77777,0,315,84
"COVID-19 and nutrition programming",2021-02-13,134,78088,0,311,84
"COVID-19 and nutrition programming",2021-02-14,134,78339,0,251,84
"COVID-19 and nutrition programming",2021-02-15,134,78686,0,347,84
"COVID-19 and nutrition programming",2021-02-16,134,78926,0,240,84
"COVID-19 and nutrition programming",2021-02-17,134,79294,0,368,84
"COVID-19 and nutrition programming",2021-02-18,134,79525,0,231,84
"COVID-19 and nutrition programming",2021-02-19,134,79800,0,275,84
"COVID-19 and nutrition programming",2021-02-20,134,80155,0,355,84
"COVID-19 and nutrition programming",2021-02-21,134,80543,0,388,84
"COVID-19 and nutrition programming",2021-02-22,134,80796,0,253,84
"COVID-19 and nutrition programming",2021-02-23,134,81045,0,249,84
"COVID-19 and nutrition programming",2021-02-24,134,81257,0,212,84
"COVID-19 and nutrition programming",2021-02-25,134,81501,0,244,84
"COVID-19 and nutrition programming",2021-02-26,134,81723,0,222,84
"COVID-19 and nutrition programming",2021-02-27,134,81869,0,146,84
"COVID-19 and nutrition programming",2021-02-28,134,82024,0,155,84
"COVID-19 and nutrition programming",2021-03-01,135,82534,1,510,85
"COVID-19 and nutrition programming",2021-03-02,135,82913,0,379,85
"COVID-19 and nutrition programming",2021-03-03,135,83104,0,191,85
"COVID-19 and nutrition programming",2021-03-04,135,83256,0,152,85
"COVID-19 and nutrition programming",2021-03-05,135,83399,0,143,85
"COVID-19 and nutrition programming",2021-03-06,135,83588,0,189,85
"COVID-19 and nutrition programming",2021-03-07,135,83781,0,193,85
"COVID-19 and nutrition programming",2021-03-08,135,84050,0,269,85
"COVID-19 and nutrition programming",2021-03-09,135,84444,0,394,85
"Cross-cutting issues",2020-12-27,90,195370,0,0,47
"Cross-cutting issues",2020-12-28,90,195447,0,77,47
"Cross-cutting issues",2020-12-29,90,195553,0,106,47
"Cross-cutting issues",2020-12-30,90,195738,0,185,47
"Cross-cutting issues",2020-12-31,90,195961,0,223,47
"Cross-cutting issues",2021-01-01,90,196060,0,99,47
"Cross-cutting issues",2021-01-02,90,196157,0,97,47
"Cross-cutting issues",2021-01-03,90,196258,0,101,47
"Cross-cutting issues",2021-01-04,90,196345,0,87,47
"Cross-cutting issues",2021-01-05,90,196443,0,98,47
"Cross-cutting issues",2021-01-06,90,196519,0,76,47
"Cross-cutting issues",2021-01-07,90,196800,0,281,47
"Cross-cutting issues",2021-01-08,90,197044,0,244,47
"Cross-cutting issues",2021-01-09,90,197227,0,183,47
"Cross-cutting issues",2021-01-10,90,197405,0,178,47
"Cross-cutting issues",2021-01-11,90,197566,0,161,47
"Cross-cutting issues",2021-01-12,90,197763,0,197,47
"Cross-cutting issues",2021-01-13,90,198010,0,247,47
"Cross-cutting issues",2021-01-14,90,198168,0,158,47
"Cross-cutting issues",2021-01-15,90,198420,0,252,47
"Cross-cutting issues",2021-01-16,90,198506,0,86,47
"Cross-cutting issues",2021-01-17,90,198608,0,102,47
"Cross-cutting issues",2021-01-18,90,198722,0,114,47
"Cross-cutting issues",2021-01-19,90,198871,0,149,47
"Cross-cutting issues",2021-01-20,90,199038,0,167,47
"Cross-cutting issues",2021-01-21,90,199138,0,100,47
"Cross-cutting issues",2021-01-22,90,199235,0,97,47
"Cross-cutting issues",2021-01-23,90,199327,0,92,47
"Cross-cutting issues",2021-01-24,90,199412,0,85,47
"Cross-cutting issues",2021-01-25,90,199503,0,91,47
"Cross-cutting issues",2021-01-26,90,199665,0,162,47
"Cross-cutting issues",2021-01-27,90,199797,0,132,47
"Cross-cutting issues",2021-01-28,90,199894,0,97,47
"Cross-cutting issues",2021-01-29,90,199979,0,85,47
"Cross-cutting issues",2021-01-30,90,200081,0,102,47
"Cross-cutting issues",2021-01-31,90,200182,0,101,47
"Cross-cutting issues",2021-02-01,90,198821,0,-1361,46
"Cross-cutting issues",2021-02-02,90,198897,0,76,46
"Cross-cutting issues",2021-02-03,90,199018,0,121,46
"Cross-cutting issues",2021-02-04,90,199102,0,84,46
"Cross-cutting issues",2021-02-05,90,199246,0,144,46
"Cross-cutting issues",2021-02-06,90,199363,0,117,46
"Cross-cutting issues",2021-02-07,90,199501,0,138,46
"Cross-cutting issues",2021-02-08,90,199803,0,302,46
"Cross-cutting issues",2021-02-09,90,199916,0,113,46
"Cross-cutting issues",2021-02-10,90,200023,0,107,46
"Cross-cutting issues",2021-02-11,90,200183,0,160,46
"Cross-cutting issues",2021-02-12,90,200317,0,134,46
"Cross-cutting issues",2021-02-13,90,200484,0,167,46
"Cross-cutting issues",2021-02-14,90,200620,0,136,46
"Cross-cutting issues",2021-02-15,90,200779,0,159,46
"Cross-cutting issues",2021-02-16,90,200862,0,83,46
"Cross-cutting issues",2021-02-17,90,201031,0,169,46
"Cross-cutting issues",2021-02-18,90,201142,0,111,46
"Cross-cutting issues",2021-02-19,90,201245,0,103,46
"Cross-cutting issues",2021-02-20,90,201504,0,259,46
"Cross-cutting issues",2021-02-21,90,201670,0,166,46
"Cross-cutting issues",2021-02-22,90,201779,0,109,46
"Cross-cutting issues",2021-02-23,90,201930,0,151,46
"Cross-cutting issues",2021-02-24,90,202043,0,113,46
"Cross-cutting issues",2021-02-25,90,202139,0,96,46
"Cross-cutting issues",2021-02-26,90,202233,0,94,46
"Cross-cutting issues",2021-02-27,90,202305,0,72,46
"Cross-cutting issues",2021-02-28,90,202393,0,88,46
"Cross-cutting issues",2021-03-01,90,204018,0,1625,47
"Cross-cutting issues",2021-03-02,90,204229,0,211,47
"Cross-cutting issues",2021-03-03,90,204323,0,94,47
"Cross-cutting issues",2021-03-04,90,204398,0,75,47
"Cross-cutting issues",2021-03-05,90,204491,0,93,47
"Cross-cutting issues",2021-03-06,90,204589,0,98,47
"Cross-cutting issues",2021-03-07,90,204663,0,74,47
"Cross-cutting issues",2021-03-08,90,204774,0,111,47
"Cross-cutting issues",2021-03-09,90,204858,0,84,47
"Food assistance",2020-12-27,63,161124,0,0,32
"Food assistance",2020-12-28,63,161289,0,165,32
"Food assistance",2020-12-29,63,161421,0,132,32
"Food assistance",2020-12-30,63,161689,0,268,32
"Food assistance",2020-12-31,63,161994,0,305,32
"Food assistance",2021-01-01,63,162068,0,74,31
"Food assistance",2021-01-02,63,162228,0,160,31
"Food assistance",2021-01-03,63,164346,0,2118,31
"Food assistance",2021-01-04,63,164599,0,253,31
"Food assistance",2021-01-05,63,164798,0,199,31
"Food assistance",2021-01-06,63,164983,0,185,31
"Food assistance",2021-01-07,63,165279,0,296,31
"Food assistance",2021-01-08,63,165646,0,367,31
"Food assistance",2021-01-09,63,165892,0,246,31
"Food assistance",2021-01-10,63,166188,0,296,31
"Food assistance",2021-01-11,63,166421,0,233,31
"Food assistance",2021-01-12,63,166694,0,273,31
"Food assistance",2021-01-13,63,167088,0,394,31
"Food assistance",2021-01-14,63,167264,0,176,31
"Food assistance",2021-01-15,63,168196,0,932,31
"Food assistance",2021-01-16,63,171157,0,2961,31
"Food assistance",2021-01-17,63,172686,0,1529,31
"Food assistance",2021-01-18,63,177913,0,5227,31
"Food assistance",2021-01-19,63,179393,0,1480,31
"Food assistance",2021-01-20,63,183158,0,3765,31
"Food assistance",2021-01-21,63,184743,0,1585,31
"Food assistance",2021-01-22,63,185034,0,291,31
"Food assistance",2021-01-23,63,185237,0,203,31
"Food assistance",2021-01-24,63,185445,0,208,31
"Food assistance",2021-01-25,63,185642,0,197,31
"Food assistance",2021-01-26,63,185878,0,236,31
"Food assistance",2021-01-27,63,186114,0,236,31
"Food assistance",2021-01-28,63,186371,0,257,31
"Food assistance",2021-01-29,63,186539,0,168,31
"Food assistance",2021-01-30,63,186803,0,264,31
"Food assistance",2021-01-31,63,187001,0,198,31
"Food assistance",2021-02-01,63,187191,0,190,31
"Food assistance",2021-02-02,63,187651,0,460,31
"Food assistance",2021-02-03,63,190053,0,2402,31
"Food assistance",2021-02-04,63,190496,0,443,31
"Food assistance",2021-02-05,63,190660,0,164,31
"Food assistance",2021-02-06,63,190931,0,271,31
"Food assistance",2021-02-07,63,191225,0,294,31
"Food assistance",2021-02-08,63,191487,0,262,31
"Food assistance",2021-02-09,63,191765,0,278,31
"Food assistance",2021-02-10,63,191963,0,198,31
"Food assistance",2021-02-11,63,192187,0,224,31
"Food assistance",2021-02-12,63,192449,0,262,31
"Food assistance",2021-02-13,63,192693,0,244,31
"Food assistance",2021-02-14,63,192900,0,207,31
"Food assistance",2021-02-15,63,193095,0,195,31
"Food assistance",2021-02-16,63,193378,0,283,31
"Food assistance",2021-02-17,63,193621,0,243,31
"Food assistance",2021-02-18,63,193846,0,225,31
"Food assistance",2021-02-19,63,194048,0,202,31
"Food assistance",2021-02-20,63,194401,0,353,31
"Food assistance",2021-02-21,63,194658,0,257,31
"Food assistance",2021-02-22,63,194847,0,189,31
"Food assistance",2021-02-23,63,195214,0,367,31
"Food assistance",2021-02-24,63,195465,0,251,31
"Food assistance",2021-02-25,63,195609,0,144,31
"Food assistance",2021-02-26,63,195890,0,281,31
"Food assistance",2021-02-27,63,196128,0,238,31
"Food assistance",2021-02-28,63,196342,0,214,31
"Food assistance",2021-03-01,63,197882,0,1540,32
"Food assistance",2021-03-02,63,198241,0,359,32
"Food assistance",2021-03-03,63,198511,0,270,32
"Food assistance",2021-03-04,63,198776,0,265,32
"Food assistance",2021-03-05,63,198964,0,188,32
"Food assistance",2021-03-06,63,199298,0,334,32
"Food assistance",2021-03-07,63,199574,0,276,32
"Food assistance",2021-03-08,63,199751,0,177,32
"Food assistance",2021-03-09,63,200148,0,397,32
"Infant and young child feeding interventions",2020-12-27,721,903262,0,0,206
"Infant and young child feeding interventions",2020-12-28,721,903714,0,452,206
"Infant and young child feeding interventions",2020-12-29,721,904176,0,462,206
"Infant and young child feeding interventions",2020-12-30,721,905046,0,870,206
"Infant and young child feeding interventions",2020-12-31,721,906132,0,1086,206
"Infant and young child feeding interventions",2021-01-01,721,905441,0,-691,200
"Infant and young child feeding interventions",2021-01-02,721,905844,0,403,200
"Infant and young child feeding interventions",2021-01-03,721,906303,0,459,200
"Infant and young child feeding interventions",2021-01-04,721,906739,0,436,200
"Infant and young child feeding interventions",2021-01-05,721,907181,0,442,200
"Infant and young child feeding interventions",2021-01-06,721,907562,0,381,200
"Infant and young child feeding interventions",2021-01-07,721,908797,0,1235,200
"Infant and young child feeding interventions",2021-01-08,721,909965,0,1168,200
"Infant and young child feeding interventions",2021-01-09,721,910789,0,824,200
"Infant and young child feeding interventions",2021-01-10,721,911629,0,840,200
"Infant and young child feeding interventions",2021-01-11,721,912343,0,714,200
"Infant and young child feeding interventions",2021-01-12,721,913211,0,868,200
"Infant and young child feeding interventions",2021-01-13,721,914307,0,1096,200
"Infant and young child feeding interventions",2021-01-14,721,915056,0,749,200
"Infant and young child feeding interventions",2021-01-15,721,916121,0,1065,200
"Infant and young child feeding interventions",2021-01-16,721,916644,0,523,200
"Infant and young child feeding interventions",2021-01-17,721,917125,0,481,200
"Infant and young child feeding interventions",2021-01-18,721,917710,0,585,200
"Infant and young child feeding interventions",2021-01-19,721,918410,0,700,200
"Infant and young child feeding interventions",2021-01-20,721,919216,0,806,200
"Infant and young child feeding interventions",2021-01-21,721,919732,0,516,200
"Infant and young child feeding interventions",2021-01-22,721,920235,0,503,200
"Infant and young child feeding interventions",2021-01-23,721,920686,0,451,200
"Infant and young child feeding interventions",2021-01-24,721,921111,0,425,200
"Infant and young child feeding interventions",2021-01-25,721,921593,0,482,200
"Infant and young child feeding interventions",2021-01-26,721,922294,0,701,200
"Infant and young child feeding interventions",2021-01-27,721,922885,0,591,200
"Infant and young child feeding interventions",2021-01-28,721,923421,0,536,200
"Infant and young child feeding interventions",2021-01-29,721,923886,0,465,200
"Infant and young child feeding interventions",2021-01-30,721,924335,0,449,200
"Infant and young child feeding interventions",2021-01-31,721,924828,0,493,200
"Infant and young child feeding interventions",2021-02-01,721,926261,0,1433,203
"Infant and young child feeding interventions",2021-02-02,721,926671,0,410,203
"Infant and young child feeding interventions",2021-02-03,723,927302,2,631,203
"Infant and young child feeding interventions",2021-02-04,723,927752,0,450,203
"Infant and young child feeding interventions",2021-02-05,723,928356,0,604,203
"Infant and young child feeding interventions",2021-02-06,723,928962,0,606,203
"Infant and young child feeding interventions",2021-02-07,723,929648,0,686,203
"Infant and young child feeding interventions",2021-02-08,723,930991,0,1343,203
"Infant and young child feeding interventions",2021-02-09,723,931543,0,552,203
"Infant and young child feeding interventions",2021-02-10,723,932113,0,570,203
"Infant and young child feeding interventions",2021-02-11,723,932823,0,710,203
"Infant and young child feeding interventions",2021-02-12,723,933490,0,667,203
"Infant and young child feeding interventions",2021-02-13,723,934275,0,785,203
"Infant and young child feeding interventions",2021-02-14,724,935044,1,769,203
"Infant and young child feeding interventions",2021-02-15,724,935949,0,905,203
"Infant and young child feeding interventions",2021-02-16,724,936486,0,537,203
"Infant and young child feeding interventions",2021-02-17,724,937288,0,802,203
"Infant and young child feeding interventions",2021-02-18,724,937948,0,660,203
"Infant and young child feeding interventions",2021-02-19,724,938439,0,491,203
"Infant and young child feeding interventions",2021-02-20,724,939526,0,1087,203
"Infant and young child feeding interventions",2021-02-21,724,940408,0,882,203
"Infant and young child feeding interventions",2021-02-22,724,940945,0,537,203
"Infant and young child feeding interventions",2021-02-23,724,941817,0,872,203
"Infant and young child feeding interventions",2021-02-24,726,942340,2,523,203
"Infant and young child feeding interventions",2021-02-25,726,942925,0,585,203
"Infant and young child feeding interventions",2021-02-26,726,943418,0,493,203
"Infant and young child feeding interventions",2021-02-27,726,943778,0,360,203
"Infant and young child feeding interventions",2021-02-28,726,944187,0,409,203
"Infant and young child feeding interventions",2021-03-01,732,946589,6,2402,207
"Infant and young child feeding interventions",2021-03-02,732,947558,0,969,207
"Infant and young child feeding interventions",2021-03-03,732,948039,0,481,207
"Infant and young child feeding interventions",2021-03-04,732,948495,0,456,207
"Infant and young child feeding interventions",2021-03-05,732,948903,0,408,207
"Infant and young child feeding interventions",2021-03-06,732,949378,0,475,207
"Infant and young child feeding interventions",2021-03-07,733,950017,1,639,207
"Infant and young child feeding interventions",2021-03-08,733,950564,0,547,207
"Infant and young child feeding interventions",2021-03-09,733,951029,0,465,207
"Management of At Risk Mothers and Infants",2020-12-27,66,111141,0,0,27
"Management of At Risk Mothers and Infants",2020-12-28,66,111195,0,54,27
"Management of At Risk Mothers and Infants",2020-12-29,66,111254,0,59,27
"Management of At Risk Mothers and Infants",2020-12-30,66,111370,0,116,27
"Management of At Risk Mothers and Infants",2020-12-31,66,111505,0,135,27
"Management of At Risk Mothers and Infants",2021-01-01,66,111568,0,63,27
"Management of At Risk Mothers and Infants",2021-01-02,66,111627,0,59,27
"Management of At Risk Mothers and Infants",2021-01-03,66,111717,0,90,27
"Management of At Risk Mothers and Infants",2021-01-04,66,111759,0,42,27
"Management of At Risk Mothers and Infants",2021-01-05,66,111830,0,71,27
"Management of At Risk Mothers and Infants",2021-01-06,66,111894,0,64,27
"Management of At Risk Mothers and Infants",2021-01-07,66,112065,0,171,27
"Management of At Risk Mothers and Infants",2021-01-08,66,112233,0,168,27
"Management of At Risk Mothers and Infants",2021-01-09,66,112346,0,113,27
"Management of At Risk Mothers and Infants",2021-01-10,66,112465,0,119,27
"Management of At Risk Mothers and Infants",2021-01-11,66,112560,0,95,27
"Management of At Risk Mothers and Infants",2021-01-12,66,112672,0,112,27
"Management of At Risk Mothers and Infants",2021-01-13,66,112827,0,155,27
"Management of At Risk Mothers and Infants",2021-01-14,66,112926,0,99,27
"Management of At Risk Mothers and Infants",2021-01-15,66,113067,0,141,27
"Management of At Risk Mothers and Infants",2021-01-16,66,113133,0,66,27
"Management of At Risk Mothers and Infants",2021-01-17,66,113195,0,62,27
"Management of At Risk Mothers and Infants",2021-01-18,66,113267,0,72,27
"Management of At Risk Mothers and Infants",2021-01-19,66,113380,0,113,27
"Management of At Risk Mothers and Infants",2021-01-20,66,113482,0,102,27
"Management of At Risk Mothers and Infants",2021-01-21,66,113545,0,63,27
"Management of At Risk Mothers and Infants",2021-01-22,66,113620,0,75,27
"Management of At Risk Mothers and Infants",2021-01-23,66,113682,0,62,27
"Management of At Risk Mothers and Infants",2021-01-24,66,113757,0,75,27
"Management of At Risk Mothers and Infants",2021-01-25,66,113812,0,55,27
"Management of At Risk Mothers and Infants",2021-01-26,66,113909,0,97,27
"Management of At Risk Mothers and Infants",2021-01-27,66,113993,0,84,27
"Management of At Risk Mothers and Infants",2021-01-28,66,114071,0,78,27
"Management of At Risk Mothers and Infants",2021-01-29,66,114136,0,65,27
"Management of At Risk Mothers and Infants",2021-01-30,66,114215,0,79,27
"Management of At Risk Mothers and Infants",2021-01-31,66,114279,0,64,27
"Management of At Risk Mothers and Infants",2021-02-01,66,114424,0,145,28
"Management of At Risk Mothers and Infants",2021-02-02,66,114488,0,64,28
"Management of At Risk Mothers and Infants",2021-02-03,66,114581,0,93,28
"Management of At Risk Mothers and Infants",2021-02-04,66,114650,0,69,28
"Management of At Risk Mothers and Infants",2021-02-05,66,114722,0,72,28
"Management of At Risk Mothers and Infants",2021-02-06,66,114799,0,77,28
"Management of At Risk Mothers and Infants",2021-02-07,66,114893,0,94,28
"Management of At Risk Mothers and Infants",2021-02-08,66,115075,0,182,28
"Management of At Risk Mothers and Infants",2021-02-09,66,115157,0,82,28
"Management of At Risk Mothers and Infants",2021-02-10,66,115243,0,86,28
"Management of At Risk Mothers and Infants",2021-02-11,66,115342,0,99,28
"Management of At Risk Mothers and Infants",2021-02-12,66,115441,0,99,28
"Management of At Risk Mothers and Infants",2021-02-13,66,115518,0,77,28
"Management of At Risk Mothers and Infants",2021-02-14,66,115624,0,106,28
"Management of At Risk Mothers and Infants",2021-02-15,66,115728,0,104,28
"Management of At Risk Mothers and Infants",2021-02-16,66,115801,0,73,28
"Management of At Risk Mothers and Infants",2021-02-17,66,115920,0,119,28
"Management of At Risk Mothers and Infants",2021-02-18,66,116010,0,90,28
"Management of At Risk Mothers and Infants",2021-02-19,66,116077,0,67,28
"Management of At Risk Mothers and Infants",2021-02-20,66,116234,0,157,28
"Management of At Risk Mothers and Infants",2021-02-21,66,116369,0,135,28
"Management of At Risk Mothers and Infants",2021-02-22,66,116450,0,81,28
"Management of At Risk Mothers and Infants",2021-02-23,66,116580,0,130,28
"Management of At Risk Mothers and Infants",2021-02-24,66,116641,0,61,28
"Management of At Risk Mothers and Infants",2021-02-25,66,116715,0,74,28
"Management of At Risk Mothers and Infants",2021-02-26,66,116812,0,97,28
"Management of At Risk Mothers and Infants",2021-02-27,66,116857,0,45,28
"Management of At Risk Mothers and Infants",2021-02-28,66,116915,0,58,28
"Management of At Risk Mothers and Infants",2021-03-01,66,116974,0,59,28
"Management of At Risk Mothers and Infants",2021-03-02,66,117098,0,124,28
"Management of At Risk Mothers and Infants",2021-03-03,66,117161,0,63,28
"Management of At Risk Mothers and Infants",2021-03-04,66,117208,0,47,28
"Management of At Risk Mothers and Infants",2021-03-05,66,117265,0,57,28
"Management of At Risk Mothers and Infants",2021-03-06,66,117324,0,59,28
"Management of At Risk Mothers and Infants",2021-03-07,66,117394,0,70,28
"Management of At Risk Mothers and Infants",2021-03-08,66,117470,0,76,28
"Management of At Risk Mothers and Infants",2021-03-09,66,117528,0,58,28
"Management of wasting/acute malnutrition",2020-12-27,1850,2540112,0,0,535
"Management of wasting/acute malnutrition",2020-12-28,1850,2541353,0,1241,535
"Management of wasting/acute malnutrition",2020-12-29,1850,2542632,0,1279,535
"Management of wasting/acute malnutrition",2020-12-30,1850,2544925,0,2293,535
"Management of wasting/acute malnutrition",2020-12-31,1850,2547065,0,2140,535
"Management of wasting/acute malnutrition",2021-01-01,1825,2535396,-25,-11669,526
"Management of wasting/acute malnutrition",2021-01-02,1825,2536438,0,1042,526
"Management of wasting/acute malnutrition",2021-01-03,1825,2537633,0,1195,526
"Management of wasting/acute malnutrition",2021-01-04,1825,2538730,0,1097,526
"Management of wasting/acute malnutrition",2021-01-05,1825,2539945,0,1215,526
"Management of wasting/acute malnutrition",2021-01-06,1825,2541005,0,1060,526
"Management of wasting/acute malnutrition",2021-01-07,1825,2544280,0,3275,526
"Management of wasting/acute malnutrition",2021-01-08,1827,2547979,2,3699,526
"Management of wasting/acute malnutrition",2021-01-09,1828,2550355,1,2376,526
"Management of wasting/acute malnutrition",2021-01-10,1828,2552559,0,2204,526
"Management of wasting/acute malnutrition",2021-01-11,1828,2554501,0,1942,526
"Management of wasting/acute malnutrition",2021-01-12,1829,2556806,1,2305,526
"Management of wasting/acute malnutrition",2021-01-13,1829,2558811,0,2005,526
"Management of wasting/acute malnutrition",2021-01-14,1829,2560163,0,1352,526
"Management of wasting/acute malnutrition",2021-01-15,1829,2561688,0,1525,526
"Management of wasting/acute malnutrition",2021-01-16,1829,2562973,0,1285,526
"Management of wasting/acute malnutrition",2021-01-17,1829,2564241,0,1268,526
"Management of wasting/acute malnutrition",2021-01-18,1829,2566980,0,2739,526
"Management of wasting/acute malnutrition",2021-01-19,1829,2568927,0,1947,526
"Management of wasting/acute malnutrition",2021-01-20,1829,2571035,0,2108,526
"Management of wasting/acute malnutrition",2021-01-21,1830,2572282,1,1247,526
"Management of wasting/acute malnutrition",2021-01-22,1830,2573805,0,1523,526
"Management of wasting/acute malnutrition",2021-01-23,1830,2574964,0,1159,526
"Management of wasting/acute malnutrition",2021-01-24,1830,2576029,0,1065,526
"Management of wasting/acute malnutrition",2021-01-25,1830,2577206,0,1177,526
"Management of wasting/acute malnutrition",2021-01-26,1832,2579233,2,2027,526
"Management of wasting/acute malnutrition",2021-01-27,1832,2580858,0,1625,526
"Management of wasting/acute malnutrition",2021-01-28,1832,2582228,0,1370,526
"Management of wasting/acute malnutrition",2021-01-29,1833,2583501,1,1273,526
"Management of wasting/acute malnutrition",2021-01-30,1833,2584883,0,1382,526
"Management of wasting/acute malnutrition",2021-01-31,1833,2586211,0,1328,526
"Management of wasting/acute malnutrition",2021-02-01,1867,2596453,34,10242,536
"Management of wasting/acute malnutrition",2021-02-02,1867,2597644,0,1191,536
"Management of wasting/acute malnutrition",2021-02-03,1867,2599237,0,1593,536
"Management of wasting/acute malnutrition",2021-02-04,1867,2600415,0,1178,536
"Management of wasting/acute malnutrition",2021-02-05,1867,2602085,0,1670,536
"Management of wasting/acute malnutrition",2021-02-06,1867,2603609,0,1524,536
"Management of wasting/acute malnutrition",2021-02-07,1867,2605403,0,1794,536
"Management of wasting/acute malnutrition",2021-02-08,1869,2608871,2,3468,536
"Management of wasting/acute malnutrition",2021-02-09,1872,2610389,3,1518,536
"Management of wasting/acute malnutrition",2021-02-10,1872,2611933,0,1544,536
"Management of wasting/acute malnutrition",2021-02-11,1872,2613752,0,1819,536
"Management of wasting/acute malnutrition",2021-02-12,1872,2615797,0,2045,536
"Management of wasting/acute malnutrition",2021-02-13,1872,2617404,0,1607,536
"Management of wasting/acute malnutrition",2021-02-14,1872,2618909,0,1505,536
"Management of wasting/acute malnutrition",2021-02-15,1875,2621122,3,2213,536
"Management of wasting/acute malnutrition",2021-02-16,1875,2622460,0,1338,536
"Management of wasting/acute malnutrition",2021-02-17,1875,2624476,0,2016,536
"Management of wasting/acute malnutrition",2021-02-18,1878,2626942,3,2466,536
"Management of wasting/acute malnutrition",2021-02-19,1878,2628273,0,1331,536
"Management of wasting/acute malnutrition",2021-02-20,1878,2631163,0,2890,536
"Management of wasting/acute malnutrition",2021-02-21,1878,2633371,0,2208,536
"Management of wasting/acute malnutrition",2021-02-22,1878,2635107,0,1736,536
"Management of wasting/acute malnutrition",2021-02-23,1878,2637239,0,2132,536
"Management of wasting/acute malnutrition",2021-02-24,1878,2638641,0,1402,536
"Management of wasting/acute malnutrition",2021-02-25,1882,2640107,4,1466,536
"Management of wasting/acute malnutrition",2021-02-26,1882,2641480,0,1373,536
"Management of wasting/acute malnutrition",2021-02-27,1882,2642452,0,972,536
"Management of wasting/acute malnutrition",2021-02-28,1882,2643591,0,1139,536
"Management of wasting/acute malnutrition",2021-03-01,1908,2652482,26,8891,545
"Management of wasting/acute malnutrition",2021-03-02,1908,2654852,0,2370,545
"Management of wasting/acute malnutrition",2021-03-03,1908,2656194,0,1342,545
"Management of wasting/acute malnutrition",2021-03-04,1908,2657352,0,1158,545
"Management of wasting/acute malnutrition",2021-03-05,1908,2658417,0,1065,545
"Management of wasting/acute malnutrition",2021-03-06,1908,2659601,0,1184,545
"Management of wasting/acute malnutrition",2021-03-07,1908,2660825,0,1224,545
"Management of wasting/acute malnutrition",2021-03-08,1909,2662426,1,1601,545
"Management of wasting/acute malnutrition",2021-03-09,1909,2663712,0,1286,545
"Micronutrients",2020-12-27,122,243629,0,0,55
"Micronutrients",2020-12-28,122,243759,0,130,55
"Micronutrients",2020-12-29,122,243886,0,127,55
"Micronutrients",2020-12-30,122,244108,0,222,55
"Micronutrients",2020-12-31,122,244375,0,267,55
"Micronutrients",2021-01-01,122,244487,0,112,55
"Micronutrients",2021-01-02,122,244586,0,99,55
"Micronutrients",2021-01-03,122,244704,0,118,55
"Micronutrients",2021-01-04,122,244802,0,98,55
"Micronutrients",2021-01-05,122,244905,0,103,55
"Micronutrients",2021-01-06,122,244994,0,89,55
"Micronutrients",2021-01-07,122,245301,0,307,55
"Micronutrients",2021-01-08,122,245589,0,288,55
"Micronutrients",2021-01-09,122,245817,0,228,55
"Micronutrients",2021-01-10,122,246031,0,214,55
"Micronutrients",2021-01-11,122,246220,0,189,55
"Micronutrients",2021-01-12,122,246471,0,251,55
"Micronutrients",2021-01-13,122,246769,0,298,55
"Micronutrients",2021-01-14,122,246903,0,134,55
"Micronutrients",2021-01-15,122,247198,0,295,55
"Micronutrients",2021-01-16,122,247326,0,128,55
"Micronutrients",2021-01-17,122,247464,0,138,55
"Micronutrients",2021-01-18,122,247611,0,147,55
"Micronutrients",2021-01-19,122,247802,0,191,55
"Micronutrients",2021-01-20,122,248017,0,215,55
"Micronutrients",2021-01-21,122,248132,0,115,55
"Micronutrients",2021-01-22,122,248234,0,102,55
"Micronutrients",2021-01-23,122,248329,0,95,55
"Micronutrients",2021-01-24,122,248436,0,107,55
"Micronutrients",2021-01-25,122,248550,0,114,55
"Micronutrients",2021-01-26,122,248741,0,191,55
"Micronutrients",2021-01-27,122,248896,0,155,55
"Micronutrients",2021-01-28,122,249018,0,122,55
"Micronutrients",2021-01-29,122,249122,0,104,55
"Micronutrients",2021-01-30,122,249235,0,113,55
"Micronutrients",2021-01-31,122,249358,0,123,55
"Micronutrients",2021-02-01,122,249468,0,110,55
"Micronutrients",2021-02-02,122,249563,0,95,55
"Micronutrients",2021-02-03,122,249715,0,152,55
"Micronutrients",2021-02-04,122,249811,0,96,55
"Micronutrients",2021-02-05,122,249965,0,154,55
"Micronutrients",2021-02-06,122,250093,0,128,55
"Micronutrients",2021-02-07,122,250307,0,214,55
"Micronutrients",2021-02-08,122,250664,0,357,55
"Micronutrients",2021-02-09,122,250793,0,129,55
"Micronutrients",2021-02-10,122,250943,0,150,55
"Micronutrients",2021-02-11,122,251127,0,184,55
"Micronutrients",2021-02-12,122,251295,0,168,55
"Micronutrients",2021-02-13,122,251439,0,144,55
"Micronutrients",2021-02-14,122,251612,0,173,55
"Micronutrients",2021-02-15,122,251821,0,209,55
"Micronutrients",2021-02-16,122,251936,0,115,55
"Micronutrients",2021-02-17,122,252130,0,194,55
"Micronutrients",2021-02-18,122,252271,0,141,55
"Micronutrients",2021-02-19,122,252388,0,117,55
"Micronutrients",2021-02-20,122,252666,0,278,55
"Micronutrients",2021-02-21,122,252892,0,226,55
"Micronutrients",2021-02-22,122,253026,0,134,55
"Micronutrients",2021-02-23,122,253225,0,199,55
"Micronutrients",2021-02-24,122,253378,0,153,55
"Micronutrients",2021-02-25,122,253520,0,142,55
"Micronutrients",2021-02-26,122,253638,0,118,55
"Micronutrients",2021-02-27,122,253736,0,98,55
"Micronutrients",2021-02-28,122,253845,0,109,55
"Micronutrients",2021-03-01,123,254082,1,237,56
"Micronutrients",2021-03-02,123,254340,0,258,56
"Micronutrients",2021-03-03,123,254457,0,117,56
"Micronutrients",2021-03-04,123,254552,0,95,56
"Micronutrients",2021-03-05,123,254660,0,108,56
"Micronutrients",2021-03-06,123,254775,0,115,56
"Micronutrients",2021-03-07,123,254873,0,98,56
"Micronutrients",2021-03-08,123,254996,0,123,56
"Micronutrients",2021-03-09,123,255113,0,117,56
"Multi-sector nutrition programming",2020-12-27,19,7114,0,0,3
"Multi-sector nutrition programming",2020-12-28,19,7121,0,7,3
"Multi-sector nutrition programming",2020-12-29,19,7127,0,6,3
"Multi-sector nutrition programming",2020-12-30,19,7141,0,14,3
"Multi-sector nutrition programming",2020-12-31,19,7158,0,17,3
"Multi-sector nutrition programming",2021-01-01,19,7167,0,9,3
"Multi-sector nutrition programming",2021-01-02,19,7177,0,10,3
"Multi-sector nutrition programming",2021-01-03,19,7189,0,12,3
"Multi-sector nutrition programming",2021-01-04,19,7199,0,10,3
"Multi-sector nutrition programming",2021-01-05,19,7203,0,4,3
"Multi-sector nutrition programming",2021-01-06,19,7212,0,9,3
"Multi-sector nutrition programming",2021-01-07,19,7226,0,14,3
"Multi-sector nutrition programming",2021-01-08,19,7243,0,17,3
"Multi-sector nutrition programming",2021-01-09,19,7255,0,12,3
"Multi-sector nutrition programming",2021-01-10,19,7265,0,10,3
"Multi-sector nutrition programming",2021-01-11,19,7275,0,10,3
"Multi-sector nutrition programming",2021-01-12,19,7288,0,13,3
"Multi-sector nutrition programming",2021-01-13,19,7311,0,23,3
"Multi-sector nutrition programming",2021-01-14,19,7321,0,10,3
"Multi-sector nutrition programming",2021-01-15,19,7336,0,15,3
"Multi-sector nutrition programming",2021-01-16,19,7346,0,10,3
"Multi-sector nutrition programming",2021-01-17,19,7352,0,6,3
"Multi-sector nutrition programming",2021-01-18,19,7362,0,10,3
"Multi-sector nutrition programming",2021-01-19,19,7373,0,11,3
"Multi-sector nutrition programming",2021-01-20,19,7383,0,10,3
"Multi-sector nutrition programming",2021-01-21,19,7391,0,8,3
"Multi-sector nutrition programming",2021-01-22,19,7397,0,6,3
"Multi-sector nutrition programming",2021-01-23,19,7407,0,10,3
"Multi-sector nutrition programming",2021-01-24,19,7412,0,5,3
"Multi-sector nutrition programming",2021-01-25,19,7418,0,6,3
"Multi-sector nutrition programming",2021-01-26,19,7433,0,15,3
"Multi-sector nutrition programming",2021-01-27,19,7445,0,12,3
"Multi-sector nutrition programming",2021-01-28,19,7456,0,11,3
"Multi-sector nutrition programming",2021-01-29,19,7464,0,8,3
"Multi-sector nutrition programming",2021-01-30,19,7471,0,7,3
"Multi-sector nutrition programming",2021-01-31,19,7480,0,9,3
"Multi-sector nutrition programming",2021-02-01,19,7485,0,5,3
"Multi-sector nutrition programming",2021-02-02,19,7488,0,3,3
"Multi-sector nutrition programming",2021-02-03,19,7501,0,13,3
"Multi-sector nutrition programming",2021-02-04,19,7509,0,8,3
"Multi-sector nutrition programming",2021-02-05,19,7517,0,8,3
"Multi-sector nutrition programming",2021-02-06,19,7525,0,8,3
"Multi-sector nutrition programming",2021-02-07,19,7533,0,8,3
"Multi-sector nutrition programming",2021-02-08,19,7552,0,19,3
"Multi-sector nutrition programming",2021-02-09,19,7560,0,8,3
"Multi-sector nutrition programming",2021-02-10,19,7570,0,10,3
"Multi-sector nutrition programming",2021-02-11,19,7586,0,16,3
"Multi-sector nutrition programming",2021-02-12,19,7603,0,17,3
"Multi-sector nutrition programming",2021-02-13,19,7609,0,6,3
"Multi-sector nutrition programming",2021-02-14,19,7616,0,7,3
"Multi-sector nutrition programming",2021-02-15,19,7630,0,14,3
"Multi-sector nutrition programming",2021-02-16,19,7638,0,8,3
"Multi-sector nutrition programming",2021-02-17,19,7648,0,10,3
"Multi-sector nutrition programming",2021-02-18,19,7654,0,6,3
"Multi-sector nutrition programming",2021-02-19,19,7663,0,9,3
"Multi-sector nutrition programming",2021-02-20,19,7680,0,17,3
"Multi-sector nutrition programming",2021-02-21,19,7691,0,11,3
"Multi-sector nutrition programming",2021-02-22,19,7698,0,7,3
"Multi-sector nutrition programming",2021-02-23,19,7716,0,18,3
"Multi-sector nutrition programming",2021-02-24,19,7726,0,10,3
"Multi-sector nutrition programming",2021-02-25,19,7733,0,7,3
"Multi-sector nutrition programming",2021-02-26,19,7743,0,10,3
"Multi-sector nutrition programming",2021-02-27,19,7746,0,3,3
"Multi-sector nutrition programming",2021-02-28,19,7751,0,5,3
"Multi-sector nutrition programming",2021-03-01,19,7759,0,8,3
"Multi-sector nutrition programming",2021-03-02,19,7770,0,11,3
"Multi-sector nutrition programming",2021-03-03,19,7776,0,6,3
"Multi-sector nutrition programming",2021-03-04,19,7783,0,7,3
"Multi-sector nutrition programming",2021-03-05,19,7790,0,7,3
"Multi-sector nutrition programming",2021-03-06,19,7795,0,5,3
"Multi-sector nutrition programming",2021-03-07,19,7800,0,5,3
"Multi-sector nutrition programming",2021-03-08,19,7806,0,6,3
"Multi-sector nutrition programming",2021-03-09,19,7813,0,7,3
"Other thematic area",2020-12-27,90,196119,0,0,52
"Other thematic area",2020-12-28,90,196219,0,100,52
"Other thematic area",2020-12-29,90,196321,0,102,52
"Other thematic area",2020-12-30,90,196521,0,200,52
"Other thematic area",2020-12-31,90,196755,0,234,52
"Other thematic area",2021-01-01,90,196845,0,90,52
"Other thematic area",2021-01-02,90,196951,0,106,52
"Other thematic area",2021-01-03,90,197040,0,89,52
"Other thematic area",2021-01-04,90,197133,0,93,52
"Other thematic area",2021-01-05,90,197234,0,101,52
"Other thematic area",2021-01-06,90,197320,0,86,52
"Other thematic area",2021-01-07,90,197566,0,246,52
"Other thematic area",2021-01-08,90,197841,0,275,52
"Other thematic area",2021-01-09,90,198057,0,216,52
"Other thematic area",2021-01-10,90,198256,0,199,52
"Other thematic area",2021-01-11,90,198408,0,152,52
"Other thematic area",2021-01-12,90,198609,0,201,52
"Other thematic area",2021-01-13,90,198902,0,293,52
"Other thematic area",2021-01-14,90,199011,0,109,52
"Other thematic area",2021-01-15,90,199279,0,268,52
"Other thematic area",2021-01-16,90,199387,0,108,52
"Other thematic area",2021-01-17,90,199487,0,100,52
"Other thematic area",2021-01-18,90,199605,0,118,52
"Other thematic area",2021-01-19,90,199788,0,183,52
"Other thematic area",2021-01-20,90,199991,0,203,52
"Other thematic area",2021-01-21,90,200088,0,97,52
"Other thematic area",2021-01-22,90,200188,0,100,52
"Other thematic area",2021-01-23,90,200309,0,121,52
"Other thematic area",2021-01-24,90,200418,0,109,52
"Other thematic area",2021-01-25,90,200525,0,107,52
"Other thematic area",2021-01-26,90,200689,0,164,52
"Other thematic area",2021-01-27,90,200820,0,131,52
"Other thematic area",2021-01-28,90,200926,0,106,52
"Other thematic area",2021-01-29,90,201027,0,101,52
"Other thematic area",2021-01-30,90,201118,0,91,52
"Other thematic area",2021-01-31,90,201226,0,108,52
"Other thematic area",2021-02-01,90,201319,0,93,52
"Other thematic area",2021-02-02,90,201418,0,99,52
"Other thematic area",2021-02-03,90,201540,0,122,52
"Other thematic area",2021-02-04,90,201643,0,103,52
"Other thematic area",2021-02-05,90,201776,0,133,52
"Other thematic area",2021-02-06,90,201891,0,115,52
"Other thematic area",2021-02-07,90,202046,0,155,52
"Other thematic area",2021-02-08,90,202378,0,332,52
"Other thematic area",2021-02-09,90,202507,0,129,52
"Other thematic area",2021-02-10,90,202639,0,132,52
"Other thematic area",2021-02-11,90,202795,0,156,52
"Other thematic area",2021-02-12,90,202947,0,152,52
"Other thematic area",2021-02-13,90,203088,0,141,52
"Other thematic area",2021-02-14,90,203221,0,133,52
"Other thematic area",2021-02-15,90,203389,0,168,52
"Other thematic area",2021-02-16,90,203486,0,97,52
"Other thematic area",2021-02-17,90,203669,0,183,52
"Other thematic area",2021-02-18,90,203790,0,121,52
"Other thematic area",2021-02-19,90,203900,0,110,52
"Other thematic area",2021-02-20,90,204168,0,268,52
"Other thematic area",2021-02-21,90,204324,0,156,52
"Other thematic area",2021-02-22,90,204445,0,121,52
"Other thematic area",2021-02-23,90,204602,0,157,52
"Other thematic area",2021-02-24,90,204750,0,148,52
"Other thematic area",2021-02-25,90,204881,0,131,52
"Other thematic area",2021-02-26,90,205002,0,121,52
"Other thematic area",2021-02-27,90,205069,0,67,52
"Other thematic area",2021-02-28,90,205170,0,101,52
"Other thematic area",2021-03-01,90,205316,0,146,52
"Other thematic area",2021-03-02,90,205536,0,220,52
"Other thematic area",2021-03-03,90,205642,0,106,52
"Other thematic area",2021-03-04,90,205740,0,98,52
"Other thematic area",2021-03-05,90,205827,0,87,52
"Other thematic area",2021-03-06,90,205929,0,102,52
"Other thematic area",2021-03-07,90,206011,0,82,52
"Other thematic area",2021-03-08,90,206131,0,120,52
"Other thematic area",2021-03-09,90,206235,0,104,52
"Partnerships for research",2020-12-27,24,52911,0,0,18
"Partnerships for research",2020-12-28,24,52964,0,53,18
"Partnerships for research",2020-12-29,24,53002,0,38,18
"Partnerships for research",2020-12-30,24,53069,0,67,18
"Partnerships for research",2020-12-31,24,53158,0,89,18
"Partnerships for research",2021-01-01,24,53186,0,28,18
"Partnerships for research",2021-01-02,24,53223,0,37,18
"Partnerships for research",2021-01-03,24,53268,0,45,18
"Partnerships for research",2021-01-04,24,53294,0,26,18
"Partnerships for research",2021-01-05,24,53327,0,33,18
"Partnerships for research",2021-01-06,24,53357,0,30,18
"Partnerships for research",2021-01-07,24,53445,0,88,18
"Partnerships for research",2021-01-08,24,53544,0,99,18
"Partnerships for research",2021-01-09,24,53615,0,71,18
"Partnerships for research",2021-01-10,24,53687,0,72,18
"Partnerships for research",2021-01-11,24,53738,0,51,18
"Partnerships for research",2021-01-12,24,53801,0,63,18
"Partnerships for research",2021-01-13,24,53893,0,92,18
"Partnerships for research",2021-01-14,24,53942,0,49,18
"Partnerships for research",2021-01-15,24,54027,0,85,18
"Partnerships for research",2021-01-16,24,54071,0,44,18
"Partnerships for research",2021-01-17,24,54106,0,35,18
"Partnerships for research",2021-01-18,24,54151,0,45,18
"Partnerships for research",2021-01-19,24,54219,0,68,18
"Partnerships for research",2021-01-20,24,54280,0,61,18
"Partnerships for research",2021-01-21,24,54317,0,37,18
"Partnerships for research",2021-01-22,24,54365,0,48,18
"Partnerships for research",2021-01-23,24,54394,0,29,18
"Partnerships for research",2021-01-24,24,54424,0,30,18
"Partnerships for research",2021-01-25,24,54448,0,24,18
"Partnerships for research",2021-01-26,24,54505,0,57,18
"Partnerships for research",2021-01-27,24,54554,0,49,18
"Partnerships for research",2021-01-28,24,54593,0,39,18
"Partnerships for research",2021-01-29,24,54624,0,31,18
"Partnerships for research",2021-01-30,24,54670,0,46,18
"Partnerships for research",2021-01-31,24,54705,0,35,18
"Partnerships for research",2021-02-01,24,54738,0,33,18
"Partnerships for research",2021-02-02,24,54764,0,26,18
"Partnerships for research",2021-02-03,24,54793,0,29,18
"Partnerships for research",2021-02-04,24,54822,0,29,18
"Partnerships for research",2021-02-05,24,54871,0,49,18
"Partnerships for research",2021-02-06,24,54909,0,38,18
"Partnerships for research",2021-02-07,24,54964,0,55,18
"Partnerships for research",2021-02-08,24,55070,0,106,18
"Partnerships for research",2021-02-09,24,55121,0,51,18
"Partnerships for research",2021-02-10,24,55160,0,39,18
"Partnerships for research",2021-02-11,24,55203,0,43,18
"Partnerships for research",2021-02-12,24,55266,0,63,18
"Partnerships for research",2021-02-13,24,55314,0,48,18
"Partnerships for research",2021-02-14,24,55355,0,41,18
"Partnerships for research",2021-02-15,24,55417,0,62,18
"Partnerships for research",2021-02-16,24,55452,0,35,18
"Partnerships for research",2021-02-17,24,55512,0,60,18
"Partnerships for research",2021-02-18,24,55554,0,42,18
"Partnerships for research",2021-02-19,24,55591,0,37,18
"Partnerships for research",2021-02-20,24,55687,0,96,18
"Partnerships for research",2021-02-21,24,55751,0,64,18
"Partnerships for research",2021-02-22,24,55790,0,39,18
"Partnerships for research",2021-02-23,24,55866,0,76,18
"Partnerships for research",2021-02-24,24,55900,0,34,18
"Partnerships for research",2021-02-25,24,55933,0,33,18
"Partnerships for research",2021-02-26,24,55966,0,33,18
"Partnerships for research",2021-02-27,24,55991,0,25,18
"Partnerships for research",2021-02-28,24,56022,0,31,18
"Partnerships for research",2021-03-01,24,56062,0,40,18
"Partnerships for research",2021-03-02,24,56137,0,75,18
"Partnerships for research",2021-03-03,24,56185,0,48,18
"Partnerships for research",2021-03-04,24,56216,0,31,18
"Partnerships for research",2021-03-05,24,56249,0,33,18
"Partnerships for research",2021-03-06,24,56289,0,40,18
"Partnerships for research",2021-03-07,24,56318,0,29,18
"Partnerships for research",2021-03-08,24,56355,0,37,18
"Partnerships for research",2021-03-09,24,56392,0,37,18
"Prevention and management of stunting",2020-12-27,31,64439,0,0,21
"Prevention and management of stunting",2020-12-28,31,64482,0,43,21
"Prevention and management of stunting",2020-12-29,31,64520,0,38,21
"Prevention and management of stunting",2020-12-30,31,64607,0,87,21
"Prevention and management of stunting",2020-12-31,31,64708,0,101,21
"Prevention and management of stunting",2021-01-01,31,64756,0,48,21
"Prevention and management of stunting",2021-01-02,31,64785,0,29,21
"Prevention and management of stunting",2021-01-03,31,64826,0,41,21
"Prevention and management of stunting",2021-01-04,31,64862,0,36,21
"Prevention and management of stunting",2021-01-05,31,64905,0,43,21
"Prevention and management of stunting",2021-01-06,31,64946,0,41,21
"Prevention and management of stunting",2021-01-07,31,65064,0,118,21
"Prevention and management of stunting",2021-01-08,31,65180,0,116,21
"Prevention and management of stunting",2021-01-09,31,65255,0,75,21
"Prevention and management of stunting",2021-01-10,31,65322,0,67,21
"Prevention and management of stunting",2021-01-11,31,65395,0,73,21
"Prevention and management of stunting",2021-01-12,31,65487,0,92,21
"Prevention and management of stunting",2021-01-13,31,65588,0,101,21
"Prevention and management of stunting",2021-01-14,31,65647,0,59,21
"Prevention and management of stunting",2021-01-15,31,65752,0,105,21
"Prevention and management of stunting",2021-01-16,31,65791,0,39,21
"Prevention and management of stunting",2021-01-17,31,65829,0,38,21
"Prevention and management of stunting",2021-01-18,31,65897,0,68,21
"Prevention and management of stunting",2021-01-19,31,65960,0,63,21
"Prevention and management of stunting",2021-01-20,31,66043,0,83,21
"Prevention and management of stunting",2021-01-21,31,66082,0,39,21
"Prevention and management of stunting",2021-01-22,31,66121,0,39,21
"Prevention and management of stunting",2021-01-23,31,66164,0,43,21
"Prevention and management of stunting",2021-01-24,31,66201,0,37,21
"Prevention and management of stunting",2021-01-25,31,66251,0,50,21
"Prevention and management of stunting",2021-01-26,31,66328,0,77,21
"Prevention and management of stunting",2021-01-27,31,66406,0,78,21
"Prevention and management of stunting",2021-01-28,31,66451,0,45,21
"Prevention and management of stunting",2021-01-29,31,66495,0,44,21
"Prevention and management of stunting",2021-01-30,31,66548,0,53,21
"Prevention and management of stunting",2021-01-31,31,66595,0,47,21
"Prevention and management of stunting",2021-02-01,31,66635,0,40,21
"Prevention and management of stunting",2021-02-02,31,66681,0,46,21
"Prevention and management of stunting",2021-02-03,31,66735,0,54,21
"Prevention and management of stunting",2021-02-04,31,66770,0,35,21
"Prevention and management of stunting",2021-02-05,31,66827,0,57,21
"Prevention and management of stunting",2021-02-06,31,66876,0,49,21
"Prevention and management of stunting",2021-02-07,31,66937,0,61,21
"Prevention and management of stunting",2021-02-08,31,67050,0,113,21
"Prevention and management of stunting",2021-02-09,31,67109,0,59,21
"Prevention and management of stunting",2021-02-10,31,67170,0,61,21
"Prevention and management of stunting",2021-02-11,31,67235,0,65,21
"Prevention and management of stunting",2021-02-12,31,67294,0,59,21
"Prevention and management of stunting",2021-02-13,31,67349,0,55,21
"Prevention and management of stunting",2021-02-14,31,67397,0,48,21
"Prevention and management of stunting",2021-02-15,31,67467,0,70,21
"Prevention and management of stunting",2021-02-16,31,67515,0,48,21
"Prevention and management of stunting",2021-02-17,31,67583,0,68,21
"Prevention and management of stunting",2021-02-18,31,67640,0,57,21
"Prevention and management of stunting",2021-02-19,31,67685,0,45,21
"Prevention and management of stunting",2021-02-20,31,67790,0,105,21
"Prevention and management of stunting",2021-02-21,31,67853,0,63,21
"Prevention and management of stunting",2021-02-22,31,67901,0,48,21
"Prevention and management of stunting",2021-02-23,31,67996,0,95,21
"Prevention and management of stunting",2021-02-24,31,68056,0,60,21
"Prevention and management of stunting",2021-02-25,31,68106,0,50,21
"Prevention and management of stunting",2021-02-26,31,68146,0,40,21
"Prevention and management of stunting",2021-02-27,31,68177,0,31,21
"Prevention and management of stunting",2021-02-28,31,68220,0,43,21
"Prevention and management of stunting",2021-03-01,31,68275,0,55,21
"Prevention and management of stunting",2021-03-02,31,68362,0,87,21
"Prevention and management of stunting",2021-03-03,31,68407,0,45,21
"Prevention and management of stunting",2021-03-04,31,68443,0,36,21
"Prevention and management of stunting",2021-03-05,31,68483,0,40,21
"Prevention and management of stunting",2021-03-06,31,68523,0,40,21
"Prevention and management of stunting",2021-03-07,31,68563,0,40,21
"Prevention and management of stunting",2021-03-08,31,68613,0,50,21
"Prevention and management of stunting",2021-03-09,31,68650,0,37,21
"Scaling Up Nutrition (SUN)",2020-12-27,112,186593,0,0,51
"Scaling Up Nutrition (SUN)",2020-12-28,112,186702,0,109,51
"Scaling Up Nutrition (SUN)",2020-12-29,112,186804,0,102,51
"Scaling Up Nutrition (SUN)",2020-12-30,112,187013,0,209,51
"Scaling Up Nutrition (SUN)",2020-12-31,112,187257,0,244,51
"Scaling Up Nutrition (SUN)",2021-01-01,112,187185,0,-72,50
"Scaling Up Nutrition (SUN)",2021-01-02,112,187287,0,102,50
"Scaling Up Nutrition (SUN)",2021-01-03,112,187422,0,135,50
"Scaling Up Nutrition (SUN)",2021-01-04,112,187539,0,117,50
"Scaling Up Nutrition (SUN)",2021-01-05,112,187634,0,95,50
"Scaling Up Nutrition (SUN)",2021-01-06,112,187740,0,106,50
"Scaling Up Nutrition (SUN)",2021-01-07,112,188020,0,280,50
"Scaling Up Nutrition (SUN)",2021-01-08,112,188276,0,256,50
"Scaling Up Nutrition (SUN)",2021-01-09,112,188502,0,226,50
"Scaling Up Nutrition (SUN)",2021-01-10,112,188685,0,183,50
"Scaling Up Nutrition (SUN)",2021-01-11,112,188855,0,170,50
"Scaling Up Nutrition (SUN)",2021-01-12,112,189071,0,216,50
"Scaling Up Nutrition (SUN)",2021-01-13,112,189343,0,272,50
"Scaling Up Nutrition (SUN)",2021-01-14,112,189486,0,143,50
"Scaling Up Nutrition (SUN)",2021-01-15,112,189748,0,262,50
"Scaling Up Nutrition (SUN)",2021-01-16,112,189871,0,123,50
"Scaling Up Nutrition (SUN)",2021-01-17,112,189963,0,92,50
"Scaling Up Nutrition (SUN)",2021-01-18,112,190101,0,138,50
"Scaling Up Nutrition (SUN)",2021-01-19,112,190281,0,180,50
"Scaling Up Nutrition (SUN)",2021-01-20,112,190473,0,192,50
"Scaling Up Nutrition (SUN)",2021-01-21,112,190577,0,104,50
"Scaling Up Nutrition (SUN)",2021-01-22,112,190685,0,108,50
"Scaling Up Nutrition (SUN)",2021-01-23,112,190798,0,113,50
"Scaling Up Nutrition (SUN)",2021-01-24,112,190901,0,103,50
"Scaling Up Nutrition (SUN)",2021-01-25,112,191020,0,119,50
"Scaling Up Nutrition (SUN)",2021-01-26,112,191199,0,179,50
"Scaling Up Nutrition (SUN)",2021-01-27,112,191322,0,123,50
"Scaling Up Nutrition (SUN)",2021-01-28,112,191430,0,108,50
"Scaling Up Nutrition (SUN)",2021-01-29,112,191519,0,89,50
"Scaling Up Nutrition (SUN)",2021-01-30,112,191648,0,129,50
"Scaling Up Nutrition (SUN)",2021-01-31,112,191749,0,101,50
"Scaling Up Nutrition (SUN)",2021-02-01,112,192154,0,405,51
"Scaling Up Nutrition (SUN)",2021-02-02,112,192262,0,108,51
"Scaling Up Nutrition (SUN)",2021-02-03,112,192402,0,140,51
"Scaling Up Nutrition (SUN)",2021-02-04,112,192509,0,107,51
"Scaling Up Nutrition (SUN)",2021-02-05,112,192660,0,151,51
"Scaling Up Nutrition (SUN)",2021-02-06,112,192783,0,123,51
"Scaling Up Nutrition (SUN)",2021-02-07,112,192951,0,168,51
"Scaling Up Nutrition (SUN)",2021-02-08,112,193317,0,366,51
"Scaling Up Nutrition (SUN)",2021-02-09,112,193455,0,138,51
"Scaling Up Nutrition (SUN)",2021-02-10,112,193599,0,144,51
"Scaling Up Nutrition (SUN)",2021-02-11,112,193758,0,159,51
"Scaling Up Nutrition (SUN)",2021-02-12,112,193921,0,163,51
"Scaling Up Nutrition (SUN)",2021-02-13,112,194064,0,143,51
"Scaling Up Nutrition (SUN)",2021-02-14,112,194231,0,167,51
"Scaling Up Nutrition (SUN)",2021-02-15,112,194437,0,206,51
"Scaling Up Nutrition (SUN)",2021-02-16,112,194553,0,116,51
"Scaling Up Nutrition (SUN)",2021-02-17,112,194758,0,205,51
"Scaling Up Nutrition (SUN)",2021-02-18,112,194883,0,125,51
"Scaling Up Nutrition (SUN)",2021-02-19,112,195005,0,122,51
"Scaling Up Nutrition (SUN)",2021-02-20,112,195274,0,269,51
"Scaling Up Nutrition (SUN)",2021-02-21,112,195425,0,151,51
"Scaling Up Nutrition (SUN)",2021-02-22,112,195543,0,118,51
"Scaling Up Nutrition (SUN)",2021-02-23,112,195751,0,208,51
"Scaling Up Nutrition (SUN)",2021-02-24,112,195868,0,117,51
"Scaling Up Nutrition (SUN)",2021-02-25,112,196004,0,136,51
"Scaling Up Nutrition (SUN)",2021-02-26,112,196116,0,112,51
"Scaling Up Nutrition (SUN)",2021-02-27,112,196207,0,91,51
"Scaling Up Nutrition (SUN)",2021-02-28,112,196322,0,115,51
"Scaling Up Nutrition (SUN)",2021-03-01,112,196494,0,172,52
"Scaling Up Nutrition (SUN)",2021-03-02,112,196741,0,247,52
"Scaling Up Nutrition (SUN)",2021-03-03,112,196858,0,117,52
"Scaling Up Nutrition (SUN)",2021-03-04,112,196972,0,114,52
"Scaling Up Nutrition (SUN)",2021-03-05,112,197069,0,97,52
"Scaling Up Nutrition (SUN)",2021-03-06,112,197200,0,131,52
"Scaling Up Nutrition (SUN)",2021-03-07,112,197296,0,96,52
"Scaling Up Nutrition (SUN)",2021-03-08,112,197430,0,134,52
"Scaling Up Nutrition (SUN)",2021-03-09,112,197535,0,105,52
"Simplified Approaches for the Management of Acute Malnutrition",2020-12-27,22,9747,0,0,11
"Simplified Approaches for the Management of Acute Malnutrition",2020-12-28,22,9781,0,34,11
"Simplified Approaches for the Management of Acute Malnutrition",2020-12-29,22,9811,0,30,11
"Simplified Approaches for the Management of Acute Malnutrition",2020-12-30,26,9944,4,133,11
"Simplified Approaches for the Management of Acute Malnutrition",2020-12-31,26,9998,0,54,11
"Simplified Approaches for the Management of Acute Malnutrition",2021-01-01,26,10037,0,39,11
"Simplified Approaches for the Management of Acute Malnutrition",2021-01-02,26,10059,0,22,11
"Simplified Approaches for the Management of Acute Malnutrition",2021-01-03,26,10093,0,34,11
"Simplified Approaches for the Management of Acute Malnutrition",2021-01-04,26,10118,0,25,11
"Simplified Approaches for the Management of Acute Malnutrition",2021-01-05,26,10149,0,31,11
"Simplified Approaches for the Management of Acute Malnutrition",2021-01-06,26,10177,0,28,11
"Simplified Approaches for the Management of Acute Malnutrition",2021-01-07,26,10250,0,73,11
"Simplified Approaches for the Management of Acute Malnutrition",2021-01-08,26,10311,0,61,11
"Simplified Approaches for the Management of Acute Malnutrition",2021-01-09,26,10346,0,35,11
"Simplified Approaches for the Management of Acute Malnutrition",2021-01-10,26,10390,0,44,11
"Simplified Approaches for the Management of Acute Malnutrition",2021-01-11,26,10429,0,39,11
"Simplified Approaches for the Management of Acute Malnutrition",2021-01-12,26,10477,0,48,11
"Simplified Approaches for the Management of Acute Malnutrition",2021-01-13,26,10534,0,57,11
"Simplified Approaches for the Management of Acute Malnutrition",2021-01-14,26,10564,0,30,11
"Simplified Approaches for the Management of Acute Malnutrition",2021-01-15,26,10616,0,52,11
"Simplified Approaches for the Management of Acute Malnutrition",2021-01-16,26,10644,0,28,11
"Simplified Approaches for the Management of Acute Malnutrition",2021-01-17,26,10667,0,23,11
"Simplified Approaches for the Management of Acute Malnutrition",2021-01-18,26,10708,0,41,11
"Simplified Approaches for the Management of Acute Malnutrition",2021-01-19,26,10743,0,35,11
"Simplified Approaches for the Management of Acute Malnutrition",2021-01-20,26,10782,0,39,11
"Simplified Approaches for the Management of Acute Malnutrition",2021-01-21,26,10807,0,25,11
"Simplified Approaches for the Management of Acute Malnutrition",2021-01-22,26,10837,0,30,11
"Simplified Approaches for the Management of Acute Malnutrition",2021-01-23,26,10859,0,22,11
"Simplified Approaches for the Management of Acute Malnutrition",2021-01-24,26,10877,0,18,11
"Simplified Approaches for the Management of Acute Malnutrition",2021-01-25,26,10904,0,27,11
"Simplified Approaches for the Management of Acute Malnutrition",2021-01-26,26,10935,0,31,11
"Simplified Approaches for the Management of Acute Malnutrition",2021-01-27,26,10965,0,30,11
"Simplified Approaches for the Management of Acute Malnutrition",2021-01-28,26,10995,0,30,11
"Simplified Approaches for the Management of Acute Malnutrition",2021-01-29,26,11029,0,34,11
"Simplified Approaches for the Management of Acute Malnutrition",2021-01-30,26,11063,0,34,11
"Simplified Approaches for the Management of Acute Malnutrition",2021-01-31,26,11092,0,29,11
"Simplified Approaches for the Management of Acute Malnutrition",2021-02-01,18,10740,-8,-352,10
"Simplified Approaches for the Management of Acute Malnutrition",2021-02-02,18,10758,0,18,10
"Simplified Approaches for the Management of Acute Malnutrition",2021-02-03,18,10785,0,27,10
"Simplified Approaches for the Management of Acute Malnutrition",2021-02-04,18,10807,0,22,10
"Simplified Approaches for the Management of Acute Malnutrition",2021-02-05,18,10839,0,32,10
"Simplified Approaches for the Management of Acute Malnutrition",2021-02-06,18,10862,0,23,10
"Simplified Approaches for the Management of Acute Malnutrition",2021-02-07,18,10899,0,37,10
"Simplified Approaches for the Management of Acute Malnutrition",2021-02-08,18,10980,0,81,10
"Simplified Approaches for the Management of Acute Malnutrition",2021-02-09,18,11007,0,27,10
"Simplified Approaches for the Management of Acute Malnutrition",2021-02-10,18,11036,0,29,10
"Simplified Approaches for the Management of Acute Malnutrition",2021-02-11,18,11073,0,37,10
"Simplified Approaches for the Management of Acute Malnutrition",2021-02-12,18,11111,0,38,10
"Simplified Approaches for the Management of Acute Malnutrition",2021-02-13,18,11136,0,25,10
"Simplified Approaches for the Management of Acute Malnutrition",2021-02-14,18,11158,0,22,10
"Simplified Approaches for the Management of Acute Malnutrition",2021-02-15,18,11200,0,42,10
"Simplified Approaches for the Management of Acute Malnutrition",2021-02-16,18,11235,0,35,10
"Simplified Approaches for the Management of Acute Malnutrition",2021-02-17,18,11275,0,40,10
"Simplified Approaches for the Management of Acute Malnutrition",2021-02-18,18,11307,0,32,10
"Simplified Approaches for the Management of Acute Malnutrition",2021-02-19,18,11335,0,28,10
"Simplified Approaches for the Management of Acute Malnutrition",2021-02-20,18,11389,0,54,10
"Simplified Approaches for the Management of Acute Malnutrition",2021-02-21,18,11429,0,40,10
"Simplified Approaches for the Management of Acute Malnutrition",2021-02-22,18,11468,0,39,10
"Simplified Approaches for the Management of Acute Malnutrition",2021-02-23,18,11530,0,62,10
"Simplified Approaches for the Management of Acute Malnutrition",2021-02-24,18,11558,0,28,10
"Simplified Approaches for the Management of Acute Malnutrition",2021-02-25,18,11587,0,29,10
"Simplified Approaches for the Management of Acute Malnutrition",2021-02-26,18,11609,0,22,10
"Simplified Approaches for the Management of Acute Malnutrition",2021-02-27,18,11623,0,14,10
"Simplified Approaches for the Management of Acute Malnutrition",2021-02-28,18,11643,0,20,10
"Simplified Approaches for the Management of Acute Malnutrition",2021-03-01,26,12135,8,492,11
"Simplified Approaches for the Management of Acute Malnutrition",2021-03-02,26,12190,0,55,11
"Simplified Approaches for the Management of Acute Malnutrition",2021-03-03,26,12219,0,29,11
"Simplified Approaches for the Management of Acute Malnutrition",2021-03-04,26,12234,0,15,11
"Simplified Approaches for the Management of Acute Malnutrition",2021-03-05,26,12257,0,23,11
"Simplified Approaches for the Management of Acute Malnutrition",2021-03-06,26,12278,0,21,11
"Simplified Approaches for the Management of Acute Malnutrition",2021-03-07,26,12303,0,25,11
"Simplified Approaches for the Management of Acute Malnutrition",2021-03-08,26,12355,0,52,11
"Simplified Approaches for the Management of Acute Malnutrition",2021-03-09,26,12383,0,28,11
"Upcoming trainings",2020-12-27,190,379488,0,0,92
"Upcoming trainings",2020-12-28,190,379656,0,168,92
"Upcoming trainings",2020-12-29,190,379862,0,206,92
"Upcoming trainings",2020-12-30,190,380205,0,343,92
"Upcoming trainings",2020-12-31,190,380642,0,437,92
"Upcoming trainings",2021-01-01,190,380853,0,211,92
"Upcoming trainings",2021-01-02,190,381018,0,165,92
"Upcoming trainings",2021-01-03,190,381249,0,231,92
"Upcoming trainings",2021-01-04,190,381421,0,172,92
"Upcoming trainings",2021-01-05,190,381606,0,185,92
"Upcoming trainings",2021-01-06,190,381773,0,167,92
"Upcoming trainings",2021-01-07,190,382279,0,506,92
"Upcoming trainings",2021-01-08,190,382923,0,644,92
"Upcoming trainings",2021-01-09,190,383302,0,379,92
"Upcoming trainings",2021-01-10,190,383650,0,348,92
"Upcoming trainings",2021-01-11,190,383972,0,322,92
"Upcoming trainings",2021-01-12,190,384350,0,378,92
"Upcoming trainings",2021-01-13,190,384833,0,483,92
"Upcoming trainings",2021-01-14,190,385024,0,191,92
"Upcoming trainings",2021-01-15,190,385467,0,443,92
"Upcoming trainings",2021-01-16,190,385707,0,240,92
"Upcoming trainings",2021-01-17,190,385915,0,208,92
"Upcoming trainings",2021-01-18,190,386164,0,249,92
"Upcoming trainings",2021-01-19,190,386471,0,307,92
"Upcoming trainings",2021-01-20,190,386806,0,335,92
"Upcoming trainings",2021-01-21,190,386990,0,184,92
"Upcoming trainings",2021-01-22,190,387146,0,156,92
"Upcoming trainings",2021-01-23,190,387312,0,166,92
"Upcoming trainings",2021-01-24,190,387515,0,203,92
"Upcoming trainings",2021-01-25,190,387717,0,202,92
"Upcoming trainings",2021-01-26,190,388021,0,304,92
"Upcoming trainings",2021-01-27,190,388275,0,254,92
"Upcoming trainings",2021-01-28,190,388449,0,174,92
"Upcoming trainings",2021-01-29,190,388638,0,189,92
"Upcoming trainings",2021-01-30,190,388832,0,194,92
"Upcoming trainings",2021-01-31,190,389014,0,182,92
"Upcoming trainings",2021-02-01,193,389598,3,584,93
"Upcoming trainings",2021-02-02,193,389757,0,159,93
"Upcoming trainings",2021-02-03,193,390008,0,251,93
"Upcoming trainings",2021-02-04,193,390175,0,167,93
"Upcoming trainings",2021-02-05,193,390439,0,264,93
"Upcoming trainings",2021-02-06,193,390701,0,262,93
"Upcoming trainings",2021-02-07,193,391011,0,310,93
"Upcoming trainings",2021-02-08,193,391540,0,529,93
"Upcoming trainings",2021-02-09,193,391797,0,257,93
"Upcoming trainings",2021-02-10,193,392038,0,241,93
"Upcoming trainings",2021-02-11,193,392334,0,296,93
"Upcoming trainings",2021-02-12,193,392603,0,269,93
"Upcoming trainings",2021-02-13,193,392842,0,239,93
"Upcoming trainings",2021-02-14,193,393109,0,267,93
"Upcoming trainings",2021-02-15,193,393479,0,370,93
"Upcoming trainings",2021-02-16,193,393713,0,234,93
"Upcoming trainings",2021-02-17,193,394057,0,344,93
"Upcoming trainings",2021-02-18,193,394348,0,291,93
"Upcoming trainings",2021-02-19,193,394611,0,263,93
"Upcoming trainings",2021-02-20,193,395105,0,494,93
"Upcoming trainings",2021-02-21,193,395367,0,262,93
"Upcoming trainings",2021-02-22,193,395612,0,245,93
"Upcoming trainings",2021-02-23,193,395883,0,271,93
"Upcoming trainings",2021-02-24,193,396107,0,224,93
"Upcoming trainings",2021-02-25,193,396334,0,227,93
"Upcoming trainings",2021-02-26,193,396538,0,204,93
"Upcoming trainings",2021-02-27,193,396685,0,147,93
"Upcoming trainings",2021-02-28,193,396850,0,165,93
"Upcoming trainings",2021-03-01,197,397509,4,659,94
"Upcoming trainings",2021-03-02,197,397891,0,382,94
"Upcoming trainings",2021-03-03,197,398070,0,179,94
"Upcoming trainings",2021-03-04,197,398258,0,188,94
"Upcoming trainings",2021-03-05,197,398422,0,164,94
"Upcoming trainings",2021-03-06,197,398606,0,184,94
"Upcoming trainings",2021-03-07,197,398785,0,179,94
"Upcoming trainings",2021-03-08,197,398967,0,182,94
"Upcoming trainings",2021-03-09,197,399151,0,184,94
